event_uid,title,artist_name,artist_confidence,matched_alias,matched_field,updated_at
ariake_arena:detail-289,坂本真綾,坂本真綾,high,坂本真綾,title,2026-05-01
ariake_arena:detail-294,ONE,One,high,One,title,2026-05-01
ariake_arena:detail-296,TM NETWORK,TMNETWORK,medium,TMNETWORK,title,2026-05-01
ariake_arena:detail-298,DREAMS COME TRUE,DREAMS COME TRUE,high,DREAMS COME TRUE,title,2026-05-01
ariake_arena:detail-299,ASIAN KUNG-FU GENERATION,ASIAN KUNG-FU GENERATION,high,ASIAN KUNG-FU GENERATION,title,2026-05-01
ariake_arena:detail-304,Paradox Live,Paradox Live,high,Paradox Live,title,2026-05-01
ariake_arena:detail-305,Poppin'Party×Roselia 合同ライブ,Poppin'Party,high,Poppin'Party,title,2026-05-01
ariake_arena:detail-306,CUTIE STREET,CUTIE STREET,high,CUTIE STREET,title,2026-05-01
ariake_arena:detail-307,浜崎あゆみ,浜崎あゆみ,high,浜崎あゆみ,title,2026-05-01
ariake_arena:detail-311,松田聖子,松田聖子,high,松田聖子,title,2026-05-01
ariake_arena:detail-312,THE YELLOW MONKEY,THE YELLOW MONKEY,high,THE YELLOW MONKEY,title,2026-05-01
ariake_arena:detail-313,原因は自分にある。,原因は自分にある。,high,原因は自分にある。,title,2026-05-01
ariake_arena:detail-317,ME:I,ME:I,high,ME:I,title,2026-05-01
belluna_dome:https://meychan.com/live/oneman_megawatt/#d=2026-12-05,コンサート MEYCHAN ONE-MAN LIVE 2026「MEGA WATT」 詳細,One,high,One,title,2026-05-01
belluna_dome:https://meychan.com/live/oneman_megawatt/#d=2026-12-06,コンサート MEYCHAN ONE-MAN LIVE 2026「MEGA WATT」 詳細,One,high,One,title,2026-05-01
belluna_dome:https://www.ldh-liveschedule.jp/sys/exile-25th-anniversary-best-live/#d=2026-11-14,コンサート EXILE 25th ANNIVERSARY BEST LIVE～LDH PERFECT YEAR 2026～ 詳細,EXILE,high,EXILE,title,2026-05-01
belluna_dome:https://www.ldh-liveschedule.jp/sys/exile-25th-anniversary-best-live/#d=2026-11-15,コンサート EXILE 25th ANNIVERSARY BEST LIVE～LDH PERFECT YEAR 2026～ 詳細,EXILE,high,EXILE,title,2026-05-01
festival_hall:https://www.festivalhall.jp/events/5450/,LOVE PSYCHEDELICO 25th Anniversary Tour,LOVE PSYCHEDELICO,high,LOVE PSYCHEDELICO,title,2026-05-01
festival_hall:https://www.festivalhall.jp/events/5461/,辻井伸行 音楽と絵画コンサート《印象派》,辻井伸行,high,辻井伸行,title,2026-05-01
festival_hall:https://www.festivalhall.jp/events/5466/,ET-KING　三都市ワンマンライブ2026 「全箇所ちゃうことやりまっせ」,ET-KING,high,ET-KING,title,2026-05-01
festival_hall:https://www.festivalhall.jp/events/5495/,あいみょん FAN CLUB TOUR 2026“PINKY PROMISE YOU”vol.2,あいみょん,high,あいみょん,title,2026-05-01
festival_hall:https://www.festivalhall.jp/events/5497/,あいみょん FAN CLUB TOUR 2026“PINKY PROMISE YOU”vol.2,あいみょん,high,あいみょん,title,2026-05-01
festival_hall:https://www.festivalhall.jp/events/5531/,スキマスイッチ　TOUR2026 “POPMAN’S CARNIVAL vol.3”,スキマスイッチ,high,スキマスイッチ,title,2026-05-01
festival_hall:https://www.festivalhall.jp/events/5534/,亀井聖矢 ピアノリサイタルツアー2026 Supported by MUFG Wealth Management,亀井聖矢,high,亀井聖矢,title,2026-05-01
festival_hall:https://www.festivalhall.jp/events/5536/,billboard classics 玉置浩二 LEGENDARY SYMPHONIC CONCERT 2026,玉置浩二,high,玉置浩二,title,2026-05-01
festival_hall:https://www.festivalhall.jp/events/5537/,billboard classics 玉置浩二 LEGENDARY SYMPHONIC CONCERT 2026,玉置浩二,high,玉置浩二,title,2026-05-01
festival_hall:https://www.festivalhall.jp/events/5610/,aiko Live Tour「Love Like Pop vol.25」,aiko,high,aiko,title,2026-05-01
festival_hall:https://www.festivalhall.jp/events/5612/,aiko Live Tour「Love Like Pop vol.25」,aiko,high,aiko,title,2026-05-01
festival_hall:https://www.festivalhall.jp/events/5614/,aiko Live Tour「Love Like Pop vol.25」,aiko,high,aiko,title,2026-05-01
festival_hall:https://www.festivalhall.jp/events/5617/,aiko Live Tour「Love Like Pop vol.25」,aiko,high,aiko,title,2026-05-01
festival_hall:https://www.festivalhall.jp/events/5618/,aiko Live Tour「Love Like Pop vol.25」,aiko,high,aiko,title,2026-05-01
festival_hall:https://www.festivalhall.jp/events/5620/,葉加瀬太郎 オーケストラコンサート 2026 〜The Symphonic Sessions〜,葉加瀬太郎,high,葉加瀬太郎,title,2026-05-01
festival_hall:https://www.festivalhall.jp/events/5622/,葉加瀬太郎 オーケストラコンサート 2026 〜The Symphonic Sessions〜,葉加瀬太郎,high,葉加瀬太郎,title,2026-05-01
festival_hall:https://www.festivalhall.jp/events/5792/,JUJU HALL TOUR 2026 純喫茶JUJU「時間旅行」演出:松任谷正隆,JUJU,high,JUJU,title,2026-05-01
festival_hall:https://www.festivalhall.jp/events/5794/,JUJU HALL TOUR 2026 純喫茶JUJU「時間旅行」演出:松任谷正隆,JUJU,high,JUJU,title,2026-05-01
festival_hall:https://www.festivalhall.jp/events/5795/,JUJU HALL TOUR 2026 純喫茶JUJU「時間旅行」演出:松任谷正隆,JUJU,high,JUJU,title,2026-05-01
festival_hall:https://www.festivalhall.jp/events/5796/,JUJU HALL TOUR 2026 純喫茶JUJU「時間旅行」演出:松任谷正隆,JUJU,high,JUJU,title,2026-05-01
festival_hall:https://www.festivalhall.jp/events/5815/,財津和夫コンサート2026 with 姫野達也 「そして」,財津和夫,high,財津和夫,title,2026-05-01
festival_hall:https://www.festivalhall.jp/events/5822/,Mass＠Mania presents “春の葡萄祭 2026”グレープ コンサート,グレープ,high,グレープ,title,2026-05-01
festival_hall:https://www.festivalhall.jp/events/5838/,aiko Live Tour「Love Like Pop vol.25」,aiko,high,aiko,title,2026-05-01
festival_hall:https://www.festivalhall.jp/events/5855/,吉川晃司　KIKKAWA KOJI  LIVE 2026,吉川晃司,high,吉川晃司,title,2026-05-01
festival_hall:https://www.festivalhall.jp/events/5857/,Char 50th Anniversary Tour2026,Char,high,Char,title,2026-05-01
festival_hall:https://www.festivalhall.jp/events/5862/,松任谷由実 THE WORMHOLE TOUR 2025-26,松任谷由実,high,松任谷由実,title,2026-05-01
festival_hall:https://www.festivalhall.jp/events/5863/,松任谷由実 THE WORMHOLE TOUR 2025-26,松任谷由実,high,松任谷由実,title,2026-05-01
festival_hall:https://www.festivalhall.jp/events/5864/,ザ・クロマニヨンズ ツアー　JAMBO JAPAN 2025-2026,ザ・クロマニヨンズ,high,ザ・クロマニヨンズ,title,2026-05-01
festival_hall:https://www.festivalhall.jp/events/5865/,伊藤 蘭 コンサートツアー2026 「Dance on！Love on！」,伊藤蘭,medium,伊藤蘭,title,2026-05-01
festival_hall:https://www.festivalhall.jp/events/5875/,松任谷由実 THE WORMHOLE TOUR 2025-26,松任谷由実,high,松任谷由実,title,2026-05-01
festival_hall:https://www.festivalhall.jp/events/5876/,松任谷由実 THE WORMHOLE TOUR 2025-26,松任谷由実,high,松任谷由実,title,2026-05-01
festival_hall:https://www.festivalhall.jp/events/5877/,松任谷由実 THE WORMHOLE TOUR 2025-26,松任谷由実,high,松任谷由実,title,2026-05-01
festival_hall:https://www.festivalhall.jp/events/5878/,松任谷由実 THE WORMHOLE TOUR 2025-26,松任谷由実,high,松任谷由実,title,2026-05-01
festival_hall:https://www.festivalhall.jp/events/5974/,石川さゆり プレ55周年記念コンサート,石川さゆり,high,石川さゆり,title,2026-05-01
festival_hall:https://www.festivalhall.jp/events/5979/,ナオトの日 スペシャルLIVE 2026　今さら開幕！？ティライミ館！！大阪ワンパク ほないこか！！,ナオト・インティライミ,high,ティライミ,title,2026-05-01
festival_hall:https://www.festivalhall.jp/events/5984/,2026年劇団☆新感線46周年興行・夏公演 SHINKANSEN☆RSP 怪奇骨董音楽劇『アケチコ！～蒸気の黒ダイヤ、あるいは狂気の島 ～』,RSP,high,RSP,title,2026-05-01
festival_hall:https://www.festivalhall.jp/events/5997/,2026年劇団 ☆新感線46周年興行・夏公演 SHINKANSEN☆RSP 怪奇骨董音楽劇『アケチコ！～蒸気の黒ダイヤ、あるいは狂気の島 ～』,RSP,high,RSP,title,2026-05-01
festival_hall:https://www.festivalhall.jp/events/5998/,2026年劇団 ☆新感線46周年興行・夏公演 SHINKANSEN☆RSP 怪奇骨董音楽劇『アケチコ！～蒸気の黒ダイヤ、あるいは狂気の島 ～』,RSP,high,RSP,title,2026-05-01
festival_hall:https://www.festivalhall.jp/events/5999/,2026年劇団 ☆新感線46周年興行・夏公演 SHINKANSEN☆RSP 怪奇骨董音楽劇『アケチコ！～蒸気の黒ダイヤ、あるいは狂気の島 ～』,RSP,high,RSP,title,2026-05-01
festival_hall:https://www.festivalhall.jp/events/6000/,2026年劇団 ☆新感線46周年興行・夏公演 SHINKANSEN☆RSP 怪奇骨董音楽劇『アケチコ！～蒸気の黒ダイヤ、あるいは狂気の島 ～』,RSP,high,RSP,title,2026-05-01
festival_hall:https://www.festivalhall.jp/events/6001/,2026年劇団 ☆新感線46周年興行・夏公演 SHINKANSEN☆RSP 怪奇骨董音楽劇『アケチコ！～蒸気の黒ダイヤ、あるいは狂気の島 ～』,RSP,high,RSP,title,2026-05-01
festival_hall:https://www.festivalhall.jp/events/6003/,2026年劇団 ☆新感線46周年興行・夏公演 SHINKANSEN☆RSP 怪奇骨董音楽劇『アケチコ！～蒸気の黒ダイヤ、あるいは狂気の島 ～』,RSP,high,RSP,title,2026-05-01
festival_hall:https://www.festivalhall.jp/events/6004/,2026年劇団 ☆新感線46周年興行・夏公演 SHINKANSEN☆RSP 怪奇骨董音楽劇『アケチコ！～蒸気の黒ダイヤ、あるいは狂気の島 ～』,RSP,high,RSP,title,2026-05-01
festival_hall:https://www.festivalhall.jp/events/6005/,2026年劇団 ☆新感線46周年興行・夏公演 SHINKANSEN☆RSP 怪奇骨董音楽劇『アケチコ！～蒸気の黒ダイヤ、あるいは狂気の島 ～』,RSP,high,RSP,title,2026-05-01
festival_hall:https://www.festivalhall.jp/events/6006/,2026年劇団 ☆新感線46周年興行・夏公演 SHINKANSEN☆RSP 怪奇骨董音楽劇『アケチコ！～蒸気の黒ダイヤ、あるいは狂気の島 ～』,RSP,high,RSP,title,2026-05-01
festival_hall:https://www.festivalhall.jp/events/6007/,2026年劇団 ☆新感線46周年興行・夏公演 SHINKANSEN☆RSP 怪奇骨董音楽劇『アケチコ！～蒸気の黒ダイヤ、あるいは狂気の島 ～』,RSP,high,RSP,title,2026-05-01
festival_hall:https://www.festivalhall.jp/events/6008/,2026年劇団 ☆新感線46周年興行・夏公演 SHINKANSEN☆RSP 怪奇骨董音楽劇『アケチコ！～蒸気の黒ダイヤ、あるいは狂気の島 ～』,RSP,high,RSP,title,2026-05-01
festival_hall:https://www.festivalhall.jp/events/6009/,2026年劇団 ☆新感線46周年興行・夏公演 SHINKANSEN☆RSP 怪奇骨董音楽劇『アケチコ！～蒸気の黒ダイヤ、あるいは狂気の島 ～』,RSP,high,RSP,title,2026-05-01
festival_hall:https://www.festivalhall.jp/events/6011/,ASKA CONCERT TOUR 2026-2027 “Lock-on”,ASKA,high,ASKA,title,2026-05-01
festival_hall:https://www.festivalhall.jp/events/6014/,ASKA CONCERT TOUR 2026-2027 “Lock-on”,ASKA,high,ASKA,title,2026-05-01
festival_hall:https://www.festivalhall.jp/events/6021/,倖田來未 Koda Kumi Live Tour 2026 ～Kingdom～,倖田來未,high,倖田來未,title,2026-05-01
festival_hall:https://www.festivalhall.jp/events/6025/,マルシィ one man live 2026 Hall Tour,One,high,One,title,2026-05-01
festival_hall:https://www.festivalhall.jp/events/6028/,sumika Live Tour 2026『Unique』,sumika,high,sumika,title,2026-05-01
festival_hall:https://www.festivalhall.jp/events/6029/,sumika Live Tour 2026『Unique』,sumika,high,sumika,title,2026-05-01
festival_hall:https://www.festivalhall.jp/events/6031/,德永英明 Concert Tour 2026,德永英明,high,德永英明,title,2026-05-01
festival_hall:https://www.festivalhall.jp/events/6032/,德永英明 Concert Tour 2026,德永英明,high,德永英明,title,2026-05-01
festival_hall:https://www.festivalhall.jp/events/6042/,亀梨和也 LIVE TOUR 2026 -FROM HERE-,亀梨和也,high,亀梨和也,title,2026-05-01
festival_hall:https://www.festivalhall.jp/events/6061/,吉田拓郎 SPECIAL LIVE 春だったね2026 at 大阪・フェスティバルホ−ル supported by U-NEXT,吉田拓郎,high,吉田拓郎,title,2026-05-01
festival_hall:https://www.festivalhall.jp/events/6064/,indigo la End ONEMAN TOUR 2026「紫にて」,indigo la End,high,indigo la End,title,2026-05-01
festival_hall:https://www.festivalhall.jp/events/6068/,中森明菜 AKINA NAKAMORI LIVE TOUR 2026,中森明菜,high,中森明菜,title,2026-05-01
festival_hall:https://www.festivalhall.jp/events/6069/,中森明菜 AKINA NAKAMORI LIVE TOUR 2026,中森明菜,high,中森明菜,title,2026-05-01
festival_hall:https://www.festivalhall.jp/events/6084/,SUPER J-HITS RADIO 30th Anniversary Live 「音礼・綴（おんれいつづり）」,れい,high,れい,title,2026-05-01
festival_hall:https://www.festivalhall.jp/events/6085/,SUPER J-HITS RADIO 30th Anniversary Live 「音礼・綴（おんれいつづり）」,れい,high,れい,title,2026-05-01
festival_hall:https://www.festivalhall.jp/events/6094/,平原綾香 Concert Tour 2026 with Orchestra,平原綾香,high,平原綾香,title,2026-05-01
festival_hall:https://www.festivalhall.jp/events/6120/,今井美樹 40th Anniversary “Our Songs!!” TOUR 2026 〜smile〜,今井美樹,high,今井美樹,title,2026-05-01
festival_hall:https://www.festivalhall.jp/events/6121/,今井美樹 40th Anniversary “Our Songs!!” TOUR 2026 〜smile〜,今井美樹,high,今井美樹,title,2026-05-01
festival_hall:https://www.festivalhall.jp/events/6125/,中村美律子40周年記念コンサート ～一期一会の歌祭り～,中村美律子,high,中村美律子,title,2026-05-01
festival_hall:https://www.festivalhall.jp/events/6137/,さだまさしコンサートツアー2026 神さまの言うとおり,さだまさし,high,さだまさし,title,2026-05-01
festival_hall:https://www.festivalhall.jp/events/6140/,さだまさしコンサートツアー2026 神さまの言うとおり,さだまさし,high,さだまさし,title,2026-05-01
festival_hall:https://www.festivalhall.jp/events/6142/,さだまさしコンサートツアー2026 神さまの言うとおり,さだまさし,high,さだまさし,title,2026-05-01
festival_hall:https://www.festivalhall.jp/events/6145/,鈴木雅之 taste of martini tour 2026 Step123 season2　“70 / 40th anniversary“,鈴木雅之,high,鈴木雅之,title,2026-05-01
festival_hall:https://www.festivalhall.jp/events/6146/,鈴木雅之 taste of martini tour 2026 Step123 season2　“70 / 40th anniversary“,鈴木雅之,high,鈴木雅之,title,2026-05-01
festival_hall:https://www.festivalhall.jp/events/6147/,鈴木雅之 taste of martini tour 2026 Step123 season2　“70 / 40th anniversary“,鈴木雅之,high,鈴木雅之,title,2026-05-01
festival_hall:https://www.festivalhall.jp/events/6149/,アンジェラ・アキ Tour 2026 SHADOW WORK,アンジェラ・アキ,high,アンジェラ・アキ,title,2026-05-01
festival_hall:https://www.festivalhall.jp/events/6151/,郷ひろみ Concert Tour 2026 〜ALL MY LOVE〜,郷ひろみ,high,郷ひろみ,title,2026-05-01
festival_hall:https://www.festivalhall.jp/events/6162/,郷ひろみ Concert Tour 2026 〜ALL MY LOVE〜,郷ひろみ,high,郷ひろみ,title,2026-05-01
festival_hall:https://www.festivalhall.jp/events/6163/,郷ひろみ Concert Tour 2026 〜ALL MY LOVE〜,郷ひろみ,high,郷ひろみ,title,2026-05-01
festival_hall:https://www.festivalhall.jp/events/6168/,milet Hall Tour 2026,milet,high,milet,title,2026-05-01
festival_hall:https://www.festivalhall.jp/events/6170/,milet Hall Tour 2026,milet,high,milet,title,2026-05-01
festival_hall:https://www.festivalhall.jp/events/6173/,沢田研二 2026 LIVE！「freedom安堵courage」,沢田研二,high,沢田研二,title,2026-05-01
festival_hall:https://www.festivalhall.jp/events/6183/,さだまさしコンサートツアー2026 神さまの言うとおり,さだまさし,high,さだまさし,title,2026-05-01
festival_hall:https://www.festivalhall.jp/events/6184/,梶浦由記 LIVE vol.#22 〜precious pieces〜,梶浦由記,high,梶浦由記,title,2026-05-01
festival_hall:https://www.festivalhall.jp/events/6185/,西野カナ TOUR 2026 “HEART BEAT”,西野カナ,high,西野カナ,title,2026-05-01
festival_hall:https://www.festivalhall.jp/events/6186/,西野カナ TOUR 2026 “HEART BEAT”,西野カナ,high,西野カナ,title,2026-05-01
festival_hall:https://www.festivalhall.jp/events/6187/,『のだめカンタービレ』Story Live Orchestra,Kangta,high,カンタ,title,2026-05-01
festival_hall:https://www.festivalhall.jp/events/6191/,～結成20周年記念～高嶋ちさ子 12人のヴァイオリニスト コンサートツアー 2026〜2027,高嶋ちさ子 12人のヴァイオリニスト,high,高嶋ちさ子 12人のヴァイオリニスト,title,2026-05-01
festival_hall:https://www.festivalhall.jp/events/6194/,～結成20周年記念～高嶋ちさ子 12人のヴァイオリニスト コンサートツアー 2026〜2027,高嶋ちさ子 12人のヴァイオリニスト,high,高嶋ちさ子 12人のヴァイオリニスト,title,2026-05-01
festival_hall:https://www.festivalhall.jp/events/6221/,⽺⽂学 TOUR 2026 “すーーーはーーー”,羊文学,high,羊文学,title,2026-05-01
festival_hall:https://www.festivalhall.jp/events/6228/,ザ・ワイルドワンズ　結成60周年記念ライブ,ザ・ワイルドワンズ,high,ザ・ワイルドワンズ,title,2026-05-01
festival_hall:https://www.festivalhall.jp/events/6238/,亀梨和也 LIVE TOUR 2026 -FROM HERE-,亀梨和也,high,亀梨和也,title,2026-05-01
festival_hall:https://www.festivalhall.jp/events/6298/,地主薫バレエ団公演「パキータ」「ラ・シルフィード」,キー,high,キー,title,2026-05-01
festival_hall:https://www.festivalhall.jp/events/6306/,上沼恵美子コンサート2026,上沼恵美子,high,上沼恵美子,title,2026-05-01
festival_hall:https://www.festivalhall.jp/events/6308/,上沼恵美子コンサート2026,上沼恵美子,high,上沼恵美子,title,2026-05-01
festival_hall:https://www.festivalhall.jp/events/6335/,プラシド・ドミンゴ  プレミアムコンサート,シド,high,シド,title,2026-05-01
festival_hall:https://www.festivalhall.jp/events/6350/,辰巳ゆうとスペシャルコンサート2026,辰巳ゆうと,high,辰巳ゆうと,title,2026-05-01
fukuoka_paypay_dome:https://enhypen-jp.weverse.io/news/932a12458df2#d=2027-02-06#t=17:00,ENHYPEN WORLD TOUR 'BLOOD SAGA' IN JAPAN,ENHYPEN,high,ENHYPEN,title,2026-05-01
fukuoka_paypay_dome:https://enhypen-jp.weverse.io/news/932a12458df2#d=2027-02-07#t=18:00,ENHYPEN WORLD TOUR 'BLOOD SAGA' IN JAPAN,ENHYPEN,high,ENHYPEN,title,2026-05-01
fukuoka_paypay_dome:https://starto.jp/s/p/live/10387#d=2026-04-24#t=18:00,ARASHI LIVE TOUR 2026 「We are ARASHI」,嵐,high,ARASHI,title,2026-05-01
fukuoka_paypay_dome:https://starto.jp/s/p/live/10387#d=2026-04-25#t=18:00,ARASHI LIVE TOUR 2026 「We are ARASHI」,嵐,high,ARASHI,title,2026-05-01
fukuoka_paypay_dome:https://starto.jp/s/p/live/10387#d=2026-04-26#t=16:00,ARASHI LIVE TOUR 2026 「We are ARASHI」,嵐,high,ARASHI,title,2026-05-01
fukuoka_paypay_dome:https://www.yoasobi-music.jp/live/54776#d=2026-11-28#t=18:00,YOASOBI ASIA 10-CITY DOME & STADIUM TOUR 2026-2027,YOASOBI,high,YOASOBI,title,2026-05-01
fukuoka_paypay_dome:https://www.yoasobi-music.jp/live/54776#d=2026-11-29#t=17:00,YOASOBI ASIA 10-CITY DOME & STADIUM TOUR 2026-2027,YOASOBI,high,YOASOBI,title,2026-05-01
k_arena_yokohama:https://k-arena.com/schedule/20260419-1/,Hi-STANDARD Screaming Newborn Baby Tour Hi-STANDARD,Hi-STANDARD,high,Hi-STANDARD,title,2026-05-01
k_arena_yokohama:https://k-arena.com/schedule/20260420-1/,CROSS GENERATION LIVE CxM / 岩橋玄樹 / NOA,CROSS GENE,high,CROSS GENE,title,2026-05-01
k_arena_yokohama:https://k-arena.com/schedule/20260421-1/,CROSS GENERATION LIVE CxM / 岩橋玄樹 / NOA,CROSS GENE,high,CROSS GENE,title,2026-05-01
k_arena_yokohama:https://k-arena.com/schedule/20260425-1/,THE IDOLM＠STER SHINY COLORS ∞th LIVE iと夢 イルミネーションスターズ / アンティーカ / 放課後クライマックスガールズ / アルストロメリア / ストレイライト / ノクチル / シーズ / コメティック,Shiny,high,Shiny,title,2026-05-01
k_arena_yokohama:https://k-arena.com/schedule/20260426-1/,THE IDOLM＠STER SHINY COLORS ∞th LIVE iと夢 イルミネーションスターズ / アンティーカ / 放課後クライマックスガールズ / アルストロメリア / ストレイライト / ノクチル / シーズ / コメティック,Shiny,high,Shiny,title,2026-05-01
makuhari_messe:/event/detail/8502,"ACIDMAN LIVE TOUR ""光学""",ACIDMAN,high,ACIDMAN,title,2026-05-01
makuhari_messe:/event/detail/8610,SWEET STEADY 2nd ANNIVERSARY LIVE,SWEET STEADY,high,SWEET STEADY,title,2026-05-01
makuhari_messe:/event/detail/8682,のんふぃく!5th Anniversary Tour FICTIONAL ROAD 2026『FICTIONAL EDITION 2026』,のんふぃく!,high,のんふぃく!,title,2026-05-01
makuhari_messe:/event/detail/8711,BUDDiiS vol.11 Hall Tour - FLORiiA -,BUDDiiS,high,BUDDiiS,title,2026-05-01
makuhari_messe:/event/detail/8757,櫻坂46 14th Single BACKS LIVE!! 武元唯衣 卒業セレモニー (5/13公演のみ),櫻坂46,high,櫻坂46,title,2026-05-01
mufg_stadium:/schedule/2026/0411_15717.php,"三代目 J SOUL BROTHERS 15TH ANNIVERSARY STADIUM LIVE ""JSB FOREVER 〜ONE〜""",三代目 J SOUL BROTHERS from EXILE TRIBE,high,三代目 J SOUL BROTHERS,title,2026-05-01
mufg_stadium:/schedule/2026/0412_15718.php,"三代目 J SOUL BROTHERS 15TH ANNIVERSARY STADIUM LIVE ""JSB FOREVER 〜ONE〜""",三代目 J SOUL BROTHERS from EXILE TRIBE,high,三代目 J SOUL BROTHERS,title,2026-05-01
mufg_stadium:/schedule/2026/0516_15384.php,"BE:FIRST Stadium Live 2026 We are the ""BE:ST""",BE:FIRST,high,BE:FIRST,title,2026-05-01
mufg_stadium:/schedule/2026/0517_15385.php,"BE:FIRST Stadium Live 2026 We are the ""BE:ST""",BE:FIRST,high,BE:FIRST,title,2026-05-01
nissan_stadium:https://www.nissan-stadium.jp/calendar/detail.php?id697fee3d9ca55,東方神起 20th Anniversary LIVE IN NISSAN STADIUM ～RED OCEAN～,東方神起,high,東方神起,title,2026-05-01
nissan_stadium:https://www.nissan-stadium.jp/calendar/detail.php?id697feea3b8ef8,東方神起 20th Anniversary LIVE IN NISSAN STADIUM ～RED OCEAN～,東方神起,high,東方神起,title,2026-05-01
osaka_jo_hall:h:20abb88159c82407,コブクロ,コブクロ,high,コブクロ,title,2026-05-01
osaka_jo_hall:h:3398f0df0b20b346,松田聖子,松田聖子,high,松田聖子,title,2026-05-01
osaka_jo_hall:h:46e824c86bec9d12,乃木坂46,乃木坂46,high,乃木坂46,title,2026-05-01
osaka_jo_hall:h:6855f4b75fa2d8da,乃木坂46,乃木坂46,high,乃木坂46,title,2026-05-01
osaka_jo_hall:h:8184bb44b1ae94cb,Mr.Children,Mr.Children,high,Mr.Children,title,2026-05-01
osaka_jo_hall:h:b9d4853c508586ae,松田聖子,松田聖子,high,松田聖子,title,2026-05-01
osaka_jo_hall:h:d44e97a39c848e9c,Mr.Children,Mr.Children,high,Mr.Children,title,2026-05-01
osaka_jo_hall:h:e35e99f645f87194,松田聖子,松田聖子,high,松田聖子,title,2026-05-01
osaka_jo_hall:https://kyodo-osaka.co.jp/search/detail/11211#d=2026-11-18#t=18:30,米津玄師,米津玄師,high,米津玄師,title,2026-05-01
osaka_jo_hall:https://kyodo-osaka.co.jp/search/detail/11211#d=2026-11-19#t=18:30,米津玄師,米津玄師,high,米津玄師,title,2026-05-01
osaka_jo_hall:https://kyodo-osaka.co.jp/search/detail/11747#d=2026-05-08#t=18:30,川崎鷹也,川崎鷹也,high,川崎鷹也,title,2026-05-01
osaka_jo_hall:https://kyodo-osaka.co.jp/search/detail/12020#d=2026-07-18#t=18:00,Official髭男dism,Official髭男dism,high,Official髭男dism,title,2026-05-01
osaka_jo_hall:https://kyodo-osaka.co.jp/search/detail/12020#d=2026-07-19#t=18:00,Official髭男dism,Official髭男dism,high,Official髭男dism,title,2026-05-01
osaka_jo_hall:https://kyodo-osaka.co.jp/search/detail/12024#d=2026-06-23#t=18:30,ゆず,ゆず,high,ゆず,title,2026-05-01
osaka_jo_hall:https://kyodo-osaka.co.jp/search/detail/12024#d=2026-06-24#t=18:30,ゆず,ゆず,high,ゆず,title,2026-05-01
osaka_jo_hall:https://kyodo-osaka.co.jp/search/detail/12571#d=2026-06-02#t=18:00,EXO,EXO,high,EXO,title,2026-05-01
osaka_jo_hall:https://kyodo-osaka.co.jp/search/detail/12571#d=2026-06-03#t=18:00,EXO,EXO,high,EXO,title,2026-05-01
osaka_jo_hall:https://kyodo-osaka.co.jp/search/detail/12573#d=2026-10-25#t=17:00,絢香,絢香,high,絢香,title,2026-05-01
osaka_jo_hall:https://kyodo-osaka.co.jp/search/detail/12687#d=2026-12-25#t=17:00,M!LK,M!LK,high,M!LK,title,2026-05-01
osaka_jo_hall:https://kyodo-osaka.co.jp/search/detail/12687#d=2026-12-26#t=12:30,M!LK,M!LK,high,M!LK,title,2026-05-01
osaka_jo_hall:https://kyodo-osaka.co.jp/search/detail/12737#d=2026-10-23#t=19:00,緑黄色社会,緑黄色社会,high,緑黄色社会,title,2026-05-01
osaka_jo_hall:https://kyodo-osaka.co.jp/search/detail/12737#d=2026-10-24#t=16:00,緑黄色社会,緑黄色社会,high,緑黄色社会,title,2026-05-01
osaka_jo_hall:https://kyodo-osaka.co.jp/search/detail/12788#d=2026-06-12#t=18:30,NEXZ,NEXZ,high,NEXZ,title,2026-05-01
osaka_jo_hall:https://kyodo-osaka.co.jp/search/detail/12788#d=2026-06-13#t=16:00,NEXZ,NEXZ,high,NEXZ,title,2026-05-01
osaka_jo_hall:https://kyodo-osaka.co.jp/search/detail/12820#d=2026-07-08#t=18:30,TREASURE,TREASURE,high,TREASURE,title,2026-05-01
osaka_jo_hall:https://kyodo-osaka.co.jp/search/detail/12820#d=2026-07-09#t=18:30,TREASURE,TREASURE,high,TREASURE,title,2026-05-01
osaka_jo_hall:https://starto.jp/s/p/live/10431?ima=2954&artist=24#d=2026-07-31#t=18:00,timelesz,timelesz,high,timelesz,title,2026-05-01
osaka_jo_hall:https://starto.jp/s/p/live/10431?ima=2954&artist=24#d=2026-08-01#t=13:00,timelesz,timelesz,high,timelesz,title,2026-05-01
osaka_jo_hall:https://starto.jp/s/p/live/10432?ima=4438&artist=167#d=2026-05-05#t=18:00,横山裕,横山裕,high,横山裕,title,2026-05-01
osaka_jo_hall:https://starto.jp/s/p/live/10432?ima=4438&artist=167#d=2026-05-06#t=17:00,横山裕,横山裕,high,横山裕,title,2026-05-01
osaka_jo_hall:https://starto.jp/s/p/live/10460?ima=2302&artist=17#d=2026-08-03#t=18:30,Kis-My-Ft2,Kis-My-Ft2,high,Kis-My-Ft2,title,2026-05-01
osaka_jo_hall:https://starto.jp/s/p/live/10460?ima=2302&artist=17#d=2026-08-04#t=13:00,Kis-My-Ft2,Kis-My-Ft2,high,Kis-My-Ft2,title,2026-05-01
osaka_jo_hall:https://starto.jp/s/p/live/10489?ima=4536&artist=56#d=2026-07-28#t=18:00,なにわ男子,なにわ男子,high,なにわ男子,title,2026-05-01
osaka_jo_hall:https://starto.jp/s/p/live/10489?ima=4536&artist=56#d=2026-07-29#t=13:30,なにわ男子,なにわ男子,high,なにわ男子,title,2026-05-01
osaka_jo_hall:https://starto.jp/s/p/live/10489?ima=4536&artist=56#d=2026-08-25#t=18:00,なにわ男子,なにわ男子,high,なにわ男子,title,2026-05-01
osaka_jo_hall:https://starto.jp/s/p/live/10489?ima=4536&artist=56#d=2026-08-26#t=13:30,なにわ男子,なにわ男子,high,なにわ男子,title,2026-05-01
osaka_jo_hall:https://www.greens-corp.co.jp/schedule/info/index.php?event_id=13877#d=2026-11-23#t=17:00,TOMOO,TOMOO,high,TOMOO,title,2026-05-01
osaka_jo_hall:https://www.shimizuonsen.com/schedule/detail/4504/#d=2026-10-03#t=18:00,マカロニえんぴつ,マカロニえんぴつ,high,マカロニえんぴつ,title,2026-05-01
osaka_jo_hall:https://www.shimizuonsen.com/schedule/detail/4504/#d=2026-10-04#t=16:00,マカロニえんぴつ,マカロニえんぴつ,high,マカロニえんぴつ,title,2026-05-01
osaka_jo_hall:https://www.sogoosaka.com/live_information/detail/477#d=2026-06-06#t=17:00,ラブライブ！虹ヶ咲学園スクールアイドル同好会 8th Live! TOKIMEKI Express,虹ヶ咲学園スクールアイドル同好会,high,虹ヶ咲学園スクールアイドル同好会,title,2026-05-01
osaka_jo_hall:https://www.sogoosaka.com/live_information/detail/477#d=2026-06-07#t=15:00,ラブライブ！虹ヶ咲学園スクールアイドル同好会 8th Live! TOKIMEKI Express,虹ヶ咲学園スクールアイドル同好会,high,虹ヶ咲学園スクールアイドル同好会,title,2026-05-01
osaka_jo_hall:https://www.sogoosaka.com/live_information/detail/492#d=2026-11-28#t=17:00,矢沢永吉,矢沢永吉,high,矢沢永吉,title,2026-05-01
osaka_jo_hall:https://www.sogoosaka.com/live_information/detail/492#d=2026-11-29#t=17:00,矢沢永吉,矢沢永吉,high,矢沢永吉,title,2026-05-01
osaka_jo_hall:https://www.sound-c.co.jp/schedule/detail/10019/#d=2026-09-26#t=16:00,EXILE THE SECOND,EXILE THE SECOND,high,EXILE THE SECOND,title,2026-05-01
osaka_jo_hall:https://www.sound-c.co.jp/schedule/detail/10019/#d=2026-09-27#t=15:00,EXILE THE SECOND,EXILE THE SECOND,high,EXILE THE SECOND,title,2026-05-01
osaka_jo_hall:https://www.sound-c.co.jp/schedule/detail/10100/#d=2026-07-01#t=18:30,FANTASTICS from EXILE TRIBE,FANTASTICS,high,FANTASTICS from EXILE TRIBE,title,2026-05-01
osaka_jo_hall:https://www.sound-c.co.jp/schedule/detail/10100/#d=2026-07-02#t=18:30,FANTASTICS from EXILE TRIBE,FANTASTICS,high,FANTASTICS from EXILE TRIBE,title,2026-05-01
osaka_jo_hall:https://www.sound-c.co.jp/schedule/detail/10254/#d=2026-09-16#t=18:00,HANA,HANA,medium,HANA,title,2026-05-01
osaka_jo_hall:https://www.sound-c.co.jp/schedule/detail/10254/#d=2026-09-17#t=18:00,HANA,HANA,medium,HANA,title,2026-05-01
osaka_jo_hall:https://www.sound-c.co.jp/schedule/detail/10297/#d=2026-05-21#t=18:00,SOUND CREATOR 50th Anniversary Live ULTRA MISSION,MISSION,high,MISSION,title,2026-05-01
osaka_jo_hall:https://www.sound-c.co.jp/schedule/detail/9771/#d=2026-08-21#t=19:00,SCANDAL,SCANDAL,high,SCANDAL,title,2026-05-01
osaka_jo_hall:https://www.sound-c.co.jp/schedule/detail/9865/#d=2026-05-13#t=18:30,THE RAMPAGE from EXILE TRIBE,THE RAMPAGE from EXILE TRIBE,high,THE RAMPAGE from EXILE TRIBE,title,2026-05-01
osaka_jo_hall:https://www.sound-c.co.jp/schedule/detail/9865/#d=2026-05-14#t=18:30,THE RAMPAGE from EXILE TRIBE,THE RAMPAGE from EXILE TRIBE,high,THE RAMPAGE from EXILE TRIBE,title,2026-05-01
osaka_jo_hall:https://www.sound-c.co.jp/schedule/detail/9955/#d=2026-05-16#t=17:00,Hump Back,Hump Back,high,Hump Back,title,2026-05-01
osaka_jo_hall:https://www.yumebanchi.jp/event/38490/#d=2026-06-20#t=17:00,DREAMS COME TRUE,DREAMS COME TRUE,high,DREAMS COME TRUE,title,2026-05-01
osaka_jo_hall:https://www.yumebanchi.jp/event/38490/#d=2026-06-21#t=17:00,DREAMS COME TRUE,DREAMS COME TRUE,high,DREAMS COME TRUE,title,2026-05-01
osaka_jo_hall:https://www.yumebanchi.jp/event/38500/#d=2026-09-05#t=17:00,DREAMS COME TRUE,DREAMS COME TRUE,high,DREAMS COME TRUE,title,2026-05-01
osaka_jo_hall:https://www.yumebanchi.jp/event/38500/#d=2026-09-06#t=17:00,DREAMS COME TRUE,DREAMS COME TRUE,high,DREAMS COME TRUE,title,2026-05-01
osaka_jo_hall:https://www.yumebanchi.jp/event/43962/#d=2026-10-16,Novelbright,Novelbright,high,Novelbright,title,2026-05-01
osaka_jo_hall:https://www.yumebanchi.jp/event/43962/#d=2026-10-17,Novelbright,Novelbright,high,Novelbright,title,2026-05-01
osaka_jo_hall:https://www.yumebanchi.jp/event/45071/#d=2026-10-18#t=17:00,Ms.OOJA,Ms.OOJA,high,Ms.OOJA,title,2026-05-01
osaka_jo_hall:https://www.yumebanchi.jp/event/47854/#d=2026-11-07#t=17:00,GLAY,GLAY,high,GLAY,title,2026-05-01
osaka_jo_hall:https://www.yumebanchi.jp/event/47854/#d=2026-11-08#t=16:00,GLAY,GLAY,high,GLAY,title,2026-05-01
osaka_jo_hall:https://www.yumebanchi.jp/event/48270/#d=2026-07-04#t=17:30,すとぷり,すとぷり,high,すとぷり,title,2026-05-01
osaka_jo_hall:https://www.yumebanchi.jp/event/48270/#d=2026-07-05#t=12:00,すとぷり,すとぷり,high,すとぷり,title,2026-05-01
pia_arena_mm:event/6148.html,HYDE HYDE Orchestra Tour 2026 JEKYLL,hyde,high,hyde,title,2026-05-01
pia_arena_mm:event/6161.html,CNBLUE 2026 CNBLUE LIVE '3LOGY' IN JAPAN,CNBLUE,high,CNBLUE,title,2026-05-01
pia_arena_mm:event/6163.html,CNBLUE 2026 CNBLUE LIVE '3LOGY' IN JAPAN,CNBLUE,high,CNBLUE,title,2026-05-01
pia_arena_mm:event/6192.html,幾⽥りら 幾⽥りら LIVE TOUR 2026 “Laugh”,幾田りら,high,幾田りら,title,2026-05-01
pia_arena_mm:event/6195.html,幾⽥りら 幾⽥りら LIVE TOUR 2026 “Laugh”,幾田りら,high,幾田りら,title,2026-05-01
pia_arena_mm:event/6198.html,"神はサイコロを振らない Special Live for Double Anniversary Year 2026 “T.W. -Traversable Wormhole-"" at Pia Arena MM",神はサイコロを振らない,high,神はサイコロを振らない,title,2026-05-01
pia_arena_mm:event/6217.html,MyGO!!!!! MyGO!!!!! 9th LIVE,MyGO!!!!!,high,MyGO!!!!!,title,2026-05-01
pia_arena_mm:event/6219.html,MyGO!!!!! MyGO!!!!! 9th LIVE,MyGO!!!!!,high,MyGO!!!!!,title,2026-05-01
pia_arena_mm:event/6334.html,After the Rain After the Rain 10th Anniversary Tour 〜 春夏秋冬 〜,After the Rain,high,After the Rain,title,2026-05-01
pia_arena_mm:event/6336.html,After the Rain After the Rain 10th Anniversary Tour 〜 春夏秋冬 〜,After the Rain,high,After the Rain,title,2026-05-01
pia_arena_mm:event/6340.html,Mr.Children Mr.Children Tour 2026 “Saturday in the park”,Mr.Children,high,Mr.Children,title,2026-05-01
pia_arena_mm:event/6343.html,Mr.Children Mr.Children Tour 2026 “Saturday in the park”,Mr.Children,high,Mr.Children,title,2026-05-01
pia_arena_mm:event/6436.html,M!LK M!LK ARENA TOUR 2026-2027 「シャカリキレボリューション」,M!LK,high,M!LK,title,2026-05-01
pia_arena_mm:event/6439.html,M!LK M!LK ARENA TOUR 2026-2027 「シャカリキレボリューション」,M!LK,high,M!LK,title,2026-05-01
pia_arena_mm:event/6558.html,TOMOO TOMOO Arena Tour 2026,TOMOO,high,TOMOO,title,2026-05-01
pia_arena_mm:event/6560.html,TOMOO TOMOO Arena Tour 2026,TOMOO,high,TOMOO,title,2026-05-01
pia_arena_mm:event/6586.html,秘密結社holoX Live 2026「First MISSION」,MISSION,high,MISSION,title,2026-05-01
pia_arena_mm:event/6591.html,ラブライブ︕サンシャイン!! Guilty Kiss × Saint Snow TWO-MAN LIVE,Guilty Kiss,high,Guilty Kiss,title,2026-05-01
pia_arena_mm:event/6594.html,ラブライブ︕サンシャイン!! Guilty Kiss × Saint Snow TWO-MAN LIVE,Guilty Kiss,high,Guilty Kiss,title,2026-05-01
pia_arena_mm:event/6602.html,ReoNa ReoNa ONE-MAN Concert 2027 「ハロー、アンハッピー」 at ぴあアリーナMM ～逃げて逢おうね～,ReoNa,high,ReoNa,title,2026-05-01
pia_arena_mm:event/6605.html,ReoNa ReoNa ONE-MAN Concert 2027 「ハロー、アンハッピー」 at ぴあアリーナMM ～やっぱり人が好き～,ReoNa,high,ReoNa,title,2026-05-01
pia_arena_mm:event/6627.html,BABYMONSTER 2026-27 BABYMONSTER WORLD TOUR [춤(CHOOM)] IN JAPAN,BABYMONSTER,high,BABYMONSTER,title,2026-05-01
pia_arena_mm:event/6629.html,BABYMONSTER 2026-27 BABYMONSTER WORLD TOUR [춤(CHOOM)] IN JAPAN,BABYMONSTER,high,BABYMONSTER,title,2026-05-01
pia_arena_mm:event/6636.html,Juice=Juice Juice=Juice Concert 2026 UP TO 11 MORE！,Juice=Juice,high,Juice=Juice,title,2026-05-01
pia_arena_mm:event/6639.html,Juice=Juice Juice=Juice Concert 2026 UP TO 11 MORE！ MORE！,Juice=Juice,high,Juice=Juice,title,2026-05-01
pia_arena_mm:event/6648.html,DUSTCELL DUSTCELL LIVE 2026 ー道ー at ぴあアリーナMM,DUSTCELL,high,DUSTCELL,title,2026-05-01
pia_arena_mm:event/6680.html,コブクロ KOBUKURO LIVE TOUR 2026,コブクロ,high,コブクロ,title,2026-05-01
pia_arena_mm:event/6683.html,コブクロ KOBUKURO LIVE TOUR 2026,コブクロ,high,コブクロ,title,2026-05-01
pia_arena_mm:event/6705.html,ABEMA10周年特別番組 『30時間限界突破フェス』 今⽇好きダンスバトル ⼀夜限りアーティストとコラボSP,バトル,high,バトル,title,2026-05-01
pia_arena_mm:event/6711.html,ABEMA10周年特別番組 『30時間限界突破フェス』 最強バズりソング歌謡祭,バズ,high,バズ,title,2026-05-01
pia_arena_mm:event/6721.html,SKRYU SKRYU Super Live 2026 「The Light」 PINK -Moonlight Paradise- with Secret Guests,SKRYU,high,SKRYU,title,2026-05-01
pia_arena_mm:event/6724.html,SKRYU SKRYU Super Live 2026 「The Light」 SEPIA -Midnight Rendezvous-,SKRYU,high,SKRYU,title,2026-05-01
pia_arena_mm:event/6728.html,ALPHA DRIVE ONE 2026 ALPHA DRIVE ONE FAN-CON TOUR [STAR ROAD] in YOKOHAMA,ALPHA DRIVE ONE,high,ALPHA DRIVE ONE,title,2026-05-01
pia_arena_mm:event/6730.html,ALPHA DRIVE ONE 2026 ALPHA DRIVE ONE FAN-CON TOUR [STAR ROAD] in YOKOHAMA,ALPHA DRIVE ONE,high,ALPHA DRIVE ONE,title,2026-05-01
pia_arena_mm:event/6731.html,ALPHA DRIVE ONE 2026 ALPHA DRIVE ONE FAN-CON TOUR [STAR ROAD] in YOKOHAMA,ALPHA DRIVE ONE,high,ALPHA DRIVE ONE,title,2026-05-01
pia_arena_mm:event/6756.html,テレビ朝⽇presents sumika × 瑠東東⼀郎 CINEMA＆LIVE,sumika,high,sumika,title,2026-05-01
pia_arena_mm:event/6758.html,テレビ朝⽇presents sumika × 瑠東東⼀郎 CINEMA＆LIVE,sumika,high,sumika,title,2026-05-01
pia_arena_mm:event/6802.html,Tani Yuuki Live Tour 26/27,Tani Yuuki,high,Tani Yuuki,title,2026-05-01
saitama_super_arena:https://www.saitama-arena.co.jp/schedule/camino-on-a-street%ef%bc%88jazz%e6%bc%94%e5%a5%8f%ef%bc%89/,Camino on a Street（JAZZ演奏）,camino,high,camino,title+description,2026-05-01
saitama_super_arena:https://www.saitama-arena.co.jp/schedule/love-jazz-time-2026-2/,LOVE JAZZ TIME 2026,LOVE,high,LOVE,title+description,2026-05-01
saitama_super_arena:https://www.saitama-arena.co.jp/schedule/love-jazz-time-2026-3/,LOVE JAZZ TIME 2026,LOVE,high,LOVE,title+description,2026-05-01
saitama_super_arena:https://www.saitama-arena.co.jp/schedule/love-jazz-time-2026-4/,LOVE JAZZ TIME 2026,LOVE,high,LOVE,title+description,2026-05-01
saitama_super_arena:https://www.saitama-arena.co.jp/schedule/love-jazz-time-2026-5/,LOVE JAZZ TIME 2026,LOVE,high,LOVE,title+description,2026-05-01
saitama_super_arena:https://www.saitama-arena.co.jp/schedule/love-jazz-time-2026-6/,LOVE JAZZ TIME 2026,LOVE,high,LOVE,title+description,2026-05-01
saitama_super_arena:https://www.saitama-arena.co.jp/schedule/love-jazz-time-2026-7/,LOVE JAZZ TIME 2026,LOVE,high,LOVE,title+description,2026-05-01
sapporo_dome:https://www.sapporo-dome.co.jp/schedule/detail?date=20260502,北海道最大のハンドメイドフェスティバル サッポロ モノ ヴィレッジ 2026 春,ハン,high,ハン,title,2026-05-01
tdc_hall:https://abstreem.co.jp/RAB/archives/4679#d=2026-04-05#t=17:00,RAB ESPICE ONEMAN LIVE TOUR 2026 「VIVID VISION」,ViViD,high,ViViD,title,2026-05-01
tdc_hall:https://devilanthem.net/news/public/_/mt54f9gvnzeb2itd.html#d=2026-06-25#t=19:00,Devil ANTHEM. ONE MAN LIVE 2026「雲外蒼天」,Devil ANTHEM.,high,Devil ANTHEM.,title,2026-05-01
tdc_hall:https://dish-web.com/feat/tour2026#d=2026-06-16#t=18:30,"DISH// HALL TOUR 2026 ""aRange""",DISH//,high,DISH//,title,2026-05-01
tdc_hall:https://dish-web.com/feat/tour2026#d=2026-06-17#t=18:30,"DISH// HALL TOUR 2026 ""aRange""",DISH//,high,DISH//,title,2026-05-01
tdc_hall:https://madeintohoku.com/contents/pages/kanadeviahall#d=2026-05-22#t=18:30,いぎなり東北産『9人と もぎたてHALL PARTY』,いぎなり東北産,high,いぎなり東北産,title,2026-05-01
tdc_hall:https://madeintohoku.com/contents/pages/kanadeviahall#d=2026-05-23#t=13:00,いぎなり東北産『9人と もぎたてHALL PARTY』,いぎなり東北産,high,いぎなり東北産,title,2026-05-01
tdc_hall:https://magipun.com/news/11638/#d=2026-04-16#t=19:00,マジカル・パンチライン 10th Anniversary LiVE 「Shining The Magic」,マジカル・パンチライン,high,マジカル・パンチライン,title,2026-05-01
tdc_hall:https://nanimono-official.com/news/public/_/f4yszd2989sm1a9h.html#d=2026-06-12#t=17:30,NANIMONO  TOUR 2026 『コンティニューしますか？』,NANIMONO,high,NANIMONO,title,2026-05-01
tdc_hall:https://nflying-official.jp/news/detail/830#d=2026-06-03#t=15:00,2026 N.Flying FAN MEETING IN JAPAN 'Let's have some little talk',N.Flying,high,N.Flying,title,2026-05-01
tdc_hall:https://shiritsuebichu.jp/official/pc/media/article.html?idnum=15607#d=2026-06-06#t=18:00,「私立恵比寿中学 Spring Tour 2026 〜SuGuilty Train〜」in 東京,私立恵比寿中学,high,私立恵比寿中学,title,2026-05-01
tdc_hall:https://shiritsuebichu.jp/official/pc/media/article.html?idnum=15608#d=2026-06-07#t=16:00,「私立恵比寿中学 Spring Tour 2026 〜SuGuilty Train〜」in 東京,私立恵比寿中学,high,私立恵比寿中学,title,2026-05-01
tdc_hall:https://sp.stu48.com/news/detail/22280#d=2026-05-30#t=18:00,STU48 9周年コンサート(仮題),STU48,high,STU48,title,2026-05-01
tdc_hall:https://sp.stu48.com/news/detail/22282#d=2026-05-31#t=18:00,STU48 石田千穂卒業コンサート,STU48,high,STU48,title,2026-05-01
tdc_hall:https://super-dragon.jp/news/news10276/#d=2026-04-19#t=14:00,SUPER★DRAGON LIVE TOUR 2026「studio」,SUPER★DRAGON,high,SUPER★DRAGON,title,2026-05-01
tdc_hall:https://ukka.tokyo/news/4893#d=2026-05-24#t=18:00,ukka ラストライブ,ukka,high,ukka,title,2026-05-01
tdc_hall:https://whitejam.jp/sunshine/#d=2026-04-25#t=18:00,WHITE JAM TOUR 2026 「池袋サンシャイン」,WHITE JAM,high,WHITE JAM,title,2026-05-01
tdc_hall:https://www.red-hot.ne.jp/play/detail.php?pid=py28034#d=2026-05-29#t=19:00,BIM ONE MAN LIVE BEAM'26,One,high,One,title,2026-05-01
tokyo_dome:https://aespa-official.jp/news/synkaexisline-dometour/#d=2026-04-25#t=18:00,2026 aespa LIVE TOUR − SYNK : aeXIS LINE − in JAPAN [SPECIAL EDITION DOME TOUR],aespa,high,aespa,title,2026-05-01
tokyo_dome:https://aespa-official.jp/news/synkaexisline-dometour/#d=2026-04-26#t=16:00,2026 aespa LIVE TOUR − SYNK : aeXIS LINE − in JAPAN [SPECIAL EDITION DOME TOUR],aespa,high,aespa,title,2026-05-01
tokyo_dome:https://bts-official.jp/news/detail.php?nid=8iYqskbB0z8=#d=2026-04-17#t=18:30,BTS WORLD TOUR 'ARIRANG' IN JAPAN,BTS,high,BTS,title,2026-05-01
tokyo_dome:https://bts-official.jp/news/detail.php?nid=8iYqskbB0z8=#d=2026-04-18#t=15:00,BTS WORLD TOUR 'ARIRANG' IN JAPAN,BTS,high,BTS,title,2026-05-01
tokyo_dome:https://bullettrain.jp/BT-1125-tokyo-dome/#d=2026-11-25#t=18:00,超特急,超特急,high,超特急,title,2026-05-01
tokyo_dome:https://da-ice.jp/schedule/tour.php?id=1003011&fdate=2027-02-04&ldate=2027-02-14#d=2027-02-04#t=18:00,Da-iCE DAY DOME PHASE 2027,Da-iCE,high,Da-iCE,title,2026-05-01
tokyo_dome:https://domotofc.jp/news/detail/cRCsdJlBh9eXLCl2snIM#d=2026-07-15,DOMOTO Concert 2026 ～Stay with me～,KinKi Kids,high,DOMOTO,title,2026-05-01
tokyo_dome:https://domotofc.jp/news/detail/cRCsdJlBh9eXLCl2snIM#d=2026-07-16,DOMOTO Concert 2026 ～Stay with me～,KinKi Kids,high,DOMOTO,title,2026-05-01
tokyo_dome:https://ive-official.jp/mob/news/newsShw.php?site=DIVE&ima=0407&aff=ROBO004&cd=OF10360#d=2026-06-24#t=18:30,IVE WORLD TOUR ‘SHOW WHAT I AM’ IN JAPAN,IVE,high,IVE,title,2026-05-01
tokyo_dome:https://niziu.com/s/n123/?ima=2029#d=2026-06-13#t=17:00,"NiziU Live with U 2026 ""NiziU : THE CINEMA""",NiziU,high,NiziU,title,2026-05-01
tokyo_dome:https://niziu.com/s/n123/?ima=2029#d=2026-06-14#t=16:00,"NiziU Live with U 2026 ""NiziU : THE CINEMA""",NiziU,high,NiziU,title,2026-05-01
tokyo_dome:https://sp.super-beaver.com/feature/dometour2026#d=2026-09-22#t=18:00,SUPER BEAVER「都会のラクダ DOME TOUR 2026」,SUPER BEAVER,high,SUPER BEAVER,title,2026-05-01
tokyo_dome:https://sp.super-beaver.com/feature/dometour2026#d=2026-09-23#t=18:00,SUPER BEAVER「都会のラクダ DOME TOUR 2026」,SUPER BEAVER,high,SUPER BEAVER,title,2026-05-01
tokyo_dome:https://starto.jp/s/p/live/10387#d=2026-04-01#t=18:00,ARASHI LIVE TOUR 2026 「We are ARASHI」,嵐,high,ARASHI,title,2026-05-01
tokyo_dome:https://starto.jp/s/p/live/10387#d=2026-04-02#t=18:00,ARASHI LIVE TOUR 2026 「We are ARASHI」,嵐,high,ARASHI,title,2026-05-01
tokyo_dome:https://starto.jp/s/p/live/10387#d=2026-05-31#t=18:00,ARASHI LIVE TOUR 2026 「We are ARASHI」,嵐,high,ARASHI,title,2026-05-01
tokyo_dome:https://www.2pmjapan.com/THE_RETURN/#d=2026-05-09#t=18:00,2PM JAPAN 15th Anniversary Concert “THE RETURN” in TOKYO DOME,2PM,high,2PM,title,2026-05-01
tokyo_dome:https://www.2pmjapan.com/THE_RETURN/#d=2026-05-10#t=15:00,2PM JAPAN 15th Anniversary Concert “THE RETURN” in TOKYO DOME,2PM,high,2PM,title,2026-05-01
tokyo_dome:https://www.bumpofchicken.com/live_information/2799#d=2027-02-06#t=18:00,BUMP OF CHICKEN TOUR 2026-2027 Ratio Clavis,BUMP OF CHICKEN,high,BUMP OF CHICKEN,title,2026-05-01
tokyo_dome:https://www.bumpofchicken.com/live_information/2799#d=2027-02-07#t=18:00,BUMP OF CHICKEN TOUR 2026-2027 Ratio Clavis,BUMP OF CHICKEN,high,BUMP OF CHICKEN,title,2026-05-01
tokyo_dome:https://www.hybejapan-concert.com/statics/enhypen_blood_saga##d=2026-12-01#t=18:30,ENHYPEN WORLD TOUR 'BLOOD SAGA' IN JAPAN,ENHYPEN,high,ENHYPEN,title,2026-05-01
tokyo_dome:https://www.hybejapan-concert.com/statics/enhypen_blood_saga##d=2026-12-02#t=16:00,ENHYPEN WORLD TOUR 'BLOOD SAGA' IN JAPAN,ENHYPEN,high,ENHYPEN,title,2026-05-01
tokyo_dome:https://www.ldh-liveschedule.jp/sys/tour/40392/?lang=ja#d=2026-04-21#t=18:00,"EXILE LIVE 2026 ""THE REASON"" 〜PERFECT YEAR Special〜",EXILE,high,EXILE,title,2026-05-01
tokyo_dome:https://www.ldh-liveschedule.jp/sys/tour/40392/?lang=ja#d=2026-04-22#t=17:00,"EXILE LIVE 2026 ""THE REASON"" 〜PERFECT YEAR Special〜",EXILE,high,EXILE,title,2026-05-01
tokyo_dome:https://www.nogizaka46.com/s/n46/page/14th_birthday_live#d=2026-05-19#t=18:30,乃木坂46 14th YEAR BIRTHDAY LIVE,乃木坂46,high,乃木坂46,title,2026-05-01
tokyo_dome:https://www.nogizaka46.com/s/n46/page/14th_birthday_live#d=2026-05-20#t=18:30,乃木坂46 14th YEAR BIRTHDAY LIVE,乃木坂46,high,乃木坂46,title,2026-05-01
tokyo_dome:https://www.nogizaka46.com/s/n46/page/14th_birthday_live#d=2026-05-21#t=18:00,乃木坂46 14th YEAR BIRTHDAY LIVE 〜梅澤美波 卒業コンサート〜,乃木坂46,high,乃木坂46,title,2026-05-01
tokyo_dome:https://www.sekainoowari-tour.jp/#d=2026-08-15#t=18:00,SEKAI NO OWARI DOME TOUR 2026「THE CINEMA」,SEKAI NO OWARI,high,SEKAI NO OWARI,title,2026-05-01
tokyo_dome:https://www.sekainoowari-tour.jp/#d=2026-08-16#t=18:00,SEKAI NO OWARI DOME TOUR 2026「THE CINEMA」,SEKAI NO OWARI,high,SEKAI NO OWARI,title,2026-05-01
tokyo_dome:https://www.top4-event.com/#d=2026-07-04#t=17:30,TOP4 in TOKYO DOME 2Days,くまのきよみ,high,2Days,title,2026-05-01
tokyo_dome:https://www.top4-event.com/#d=2026-07-05#t=17:00,TOP4 in TOKYO DOME 2Days,くまのきよみ,high,2Days,title,2026-05-01
tokyo_dome:https://www.yoasobi-music.jp/live/54776#d=2026-12-05#t=18:00,YOASOBI ASIA 10-CITY DOME & STADIUM TOUR 2026-2027,YOASOBI,high,YOASOBI,title,2026-05-01
tokyo_dome:https://www.yoasobi-music.jp/live/54776#d=2026-12-06#t=17:00,YOASOBI ASIA 10-CITY DOME & STADIUM TOUR 2026-2027,YOASOBI,high,YOASOBI,title,2026-05-01
vantelin_dome_nagoya:https://cf.ini-official.com/feature/xquare_masterpiece#d=2026-09-13#t=18:00,2025 INI LIVE [XQUARE - MASTERPIECE],INI,high,INI,title,2026-05-01
vantelin_dome_nagoya:https://cf.ini-official.com/feature/xquare_masterpiece#d=2026-09-14#t=16:00,2025 INI LIVE [XQUARE - MASTERPIECE],INI,high,INI,title,2026-05-01
vantelin_dome_nagoya:https://cf.ini-official.com/feature/xquare_masterpiece#d=2026-09-15#t=16:00,2025 INI LIVE [XQUARE - MASTERPIECE],INI,high,INI,title,2026-05-01
vantelin_dome_nagoya:https://mrsgreenapple.com/feature/babelnotoh#d=2026-10-25#t=18:00,"Mrs. GREEN APPLE DOME TOUR 2025 ""BABEL no TOH""",Mrs. GREEN APPLE,high,Mrs. GREEN APPLE,title,2026-05-01
vantelin_dome_nagoya:https://mrsgreenapple.com/feature/babelnotoh#d=2026-10-26#t=16:00,"Mrs. GREEN APPLE DOME TOUR 2025 ""BABEL no TOH""",Mrs. GREEN APPLE,high,Mrs. GREEN APPLE,title,2026-05-01
vantelin_dome_nagoya:https://seventeen.hybejapan.events/new_#d=2026-11-27#t=18:00,SEVENTEEN WORLD TOUR [NEW_] IN JAPAN,SEVENTEEN,high,SEVENTEEN,title,2026-05-01
vantelin_dome_nagoya:https://seventeen.hybejapan.events/new_#d=2026-11-29#t=18:00,SEVENTEEN WORLD TOUR [NEW_] IN JAPAN,SEVENTEEN,high,SEVENTEEN,title,2026-05-01
vantelin_dome_nagoya:https://seventeen.hybejapan.events/new_#d=2026-11-30#t=18:00,SEVENTEEN WORLD TOUR [NEW_] IN JAPAN,SEVENTEEN,high,SEVENTEEN,title,2026-05-01
vantelin_dome_nagoya:https://southernallstars.jp/feature/thankyousomuch_tour#d=2026-04-23#t=18:30,サザンオールスターズ LIVE TOUR 2025「THANK YOU SO MUCH!!」,サザンオールスターズ,high,サザンオールスターズ,title,2026-05-01
vantelin_dome_nagoya:https://southernallstars.jp/feature/thankyousomuch_tour#d=2026-04-24#t=18:30,サザンオールスターズ LIVE TOUR 2025「THANK YOU SO MUCH!!」,サザンオールスターズ,high,サザンオールスターズ,title,2026-05-01
vantelin_dome_nagoya:https://starto.jp/s/p/live/10159?ima=4622&artist=42#d=2026-04-13#t=17:00,SixTONES LIVE TOUR 2025「YOUNG OLD」,SixTONES,high,SixTONES,title,2026-05-01
vantelin_dome_nagoya:https://starto.jp/s/p/live/10159?ima=4622&artist=42#d=2026-04-14#t=17:00,SixTONES LIVE TOUR 2025「YOUNG OLD」,SixTONES,high,SixTONES,title,2026-05-01
vantelin_dome_nagoya:https://starto.jp/s/p/live/10360#d=2026-12-20#t=17:00,Hey! Say! JUMP DOME TOUR 2025-2026 S say,Hey! Say! JUMP,high,Hey! Say! JUMP,title,2026-05-01
vantelin_dome_nagoya:https://starto.jp/s/p/live/10360#d=2026-12-21#t=15:00,Hey! Say! JUMP DOME TOUR 2025-2026 S say,Hey! Say! JUMP,high,Hey! Say! JUMP,title,2026-05-01
vantelin_dome_nagoya:https://starto.jp/s/p/live/10371#d=2026-03-29#t=15:00,King & Prince DOME TOUR 2026 STARRING,King & Prince,high,King & Prince,title,2026-05-01
vantelin_dome_nagoya:https://starto.jp/s/p/live/10387?ima=4807&artist=10#d=2026-04-06#t=18:00,ARASHI LIVE TOUR 2026 「We are ARASHI」,嵐,high,ARASHI,title,2026-05-01
vantelin_dome_nagoya:https://starto.jp/s/p/live/10387?ima=4807&artist=10#d=2026-04-07#t=18:00,ARASHI LIVE TOUR 2026 「We are ARASHI」,嵐,high,ARASHI,title,2026-05-01
vantelin_dome_nagoya:https://starto.jp/s/p/live/10387?ima=4807&artist=10#d=2026-04-08#t=18:00,ARASHI LIVE TOUR 2026 「We are ARASHI」,嵐,high,ARASHI,title,2026-05-01
vantelin_dome_nagoya:https://txt.hybejapan.events/act_tomorrow_in_japan#d=2026-12-06#t=17:00,TOMORROW X TOGETHER WORLD TOUR ＜ACT : TOMORROW＞ IN JAPAN,TOMORROW X TOGETHER,high,TOMORROW X TOGETHER,title,2026-05-01
vantelin_dome_nagoya:https://txt.hybejapan.events/act_tomorrow_in_japan#d=2026-12-07#t=16:00,TOMORROW X TOGETHER WORLD TOUR ＜ACT : TOMORROW＞ IN JAPAN,TOMORROW X TOGETHER,high,TOMORROW X TOGETHER,title,2026-05-01
vantelin_dome_nagoya:https://www.hybejapan-concert.com/statics/enhypen_blood_saga#d=2026-12-26#t=17:00,ENHYPEN WORLD TOUR 'BLOOD SAGA' IN JAPAN,ENHYPEN,high,ENHYPEN,title,2026-05-01
vantelin_dome_nagoya:https://www.hybejapan-concert.com/statics/enhypen_blood_saga#d=2026-12-27#t=16:00,ENHYPEN WORLD TOUR 'BLOOD SAGA' IN JAPAN,ENHYPEN,high,ENHYPEN,title,2026-05-01
vantelin_dome_nagoya:https://www.ldh-liveschedule.jp/sys/tour/32626/#d=2026-06-14#t=16:00,"三代目 J SOUL BROTHERS LIVE TOUR 2025 ""KINGDOM""",三代目 J SOUL BROTHERS from EXILE TRIBE,high,三代目 J SOUL BROTHERS,title,2026-05-01
vantelin_dome_nagoya:https://www.ldh-liveschedule.jp/sys/tour/35109/#d=2026-12-27#t=16:00,"EXILE LIVE TOUR 2025 ""THE REASON""",EXILE,high,EXILE,title,2026-05-01
vantelin_dome_nagoya:https://www.ldh-liveschedule.jp/sys/tour/35109/#d=2026-12-28#t=16:00,"EXILE LIVE TOUR 2025 ""THE REASON""",EXILE,high,EXILE,title,2026-05-01
vantelin_dome_nagoya:https://www.twicejapan.com/feature/dometour2025##d=2026-08-23#t=17:30,TWICE ＜THIS IS FOR＞ WORLD TOUR IN JAPAN,TWICE,high,TWICE,title,2026-05-01
vantelin_dome_nagoya:https://www.twicejapan.com/feature/dometour2025##d=2026-08-24#t=16:30,TWICE ＜THIS IS FOR＞ WORLD TOUR IN JAPAN,TWICE,high,TWICE,title,2026-05-01
vantelin_dome_nagoya:https://www.yoasobi-music.jp/live/54776#d=2026-11-07#t=18:00,YOASOBI ASIA 10-CITY DOME & STADIUM TOUR 2026-2027,YOASOBI,high,YOASOBI,title,2026-05-01
vantelin_dome_nagoya:https://www.yoasobi-music.jp/live/54776#d=2026-11-08#t=17:00,YOASOBI ASIA 10-CITY DOME & STADIUM TOUR 2026-2027,YOASOBI,high,YOASOBI,title,2026-05-01
yoyogi_gymnasium:https://www.jpnsport.go.jp/yoyogi/Default.aspx?TabId=59&eid=5897&etype=1,AKB48春コンサート2026 向井地美音卒業コンサート ～私の夢は、AKB48～,AKB48,high,AKB48,title,2026-05-01
yoyogi_gymnasium:https://www.jpnsport.go.jp/yoyogi/Default.aspx?TabId=59&eid=5898&etype=1,AKB48春コンサート2026 「私たちだけじゃダメですか？」Part1：Again,AKB48,high,AKB48,title,2026-05-01
yoyogi_gymnasium:https://www.jpnsport.go.jp/yoyogi/Default.aspx?TabId=59&eid=5899&etype=1,AKB48春コンサート2026 「私たちだけじゃダメですか？」Part2：Kokokara　/　Part3：Beyond,AKB48,high,AKB48,title,2026-05-01
yoyogi_gymnasium:https://www.jpnsport.go.jp/yoyogi/Default.aspx?TabId=59&eid=5939&etype=2,FRUITS ZIPPER 4TH ANNIVERSARY ARENA TOUR「DREAM WITH IN」,FRUITS ZIPPER,high,FRUITS ZIPPER,title,2026-05-01
yoyogi_gymnasium:https://www.jpnsport.go.jp/yoyogi/Default.aspx?TabId=59&eid=5940&etype=2,FRUITS ZIPPER 4TH ANNIVERSARY ARENA TOUR「DREAM WITH IN」,FRUITS ZIPPER,high,FRUITS ZIPPER,title,2026-05-01
yoyogi_gymnasium:https://www.jpnsport.go.jp/yoyogi/Default.aspx?TabId=59&eid=5941&etype=2,FRUITS ZIPPER 4TH ANNIVERSARY ARENA TOUR「DREAM WITH IN」,FRUITS ZIPPER,high,FRUITS ZIPPER,title,2026-05-01
yoyogi_gymnasium:https://www.jpnsport.go.jp/yoyogi/Default.aspx?TabId=59&eid=5942&etype=2,FRUITS ZIPPER 4TH ANNIVERSARY ARENA TOUR「DREAM WITH IN」,FRUITS ZIPPER,high,FRUITS ZIPPER,title,2026-05-01
zepp_divercity:https://www.zepp.co.jp/hall/divercity/schedule/single/?rid=152739,Merry BAD TUNE. ONEMAN LIVE 5th TUNES 「ING」,Merry BAD TUNE.,high,Merry BAD TUNE.,title,2026-05-01
zepp_divercity:https://www.zepp.co.jp/hall/divercity/schedule/single/?rid=153948,NEE 11th TOUR「よろしく爆裂お願いしますTOUR」,NEE,high,NEE,title,2026-05-01
zepp_divercity:https://www.zepp.co.jp/hall/divercity/schedule/single/?rid=153949,「鈴木愛理 LIVE 2026 ll:Bias by us:ll」,鈴木愛理,high,鈴木愛理,title,2026-05-01
zepp_divercity:https://www.zepp.co.jp/hall/divercity/schedule/single/?rid=153965,にしな ツアー2026「日々散漫」,にしな,high,にしな,title,2026-05-01
zepp_divercity:https://www.zepp.co.jp/hall/divercity/schedule/single/?rid=154839,LOUDNESS 45th Anniversary Tour 2025-2026Chapter ３ JAPAN TOUR,LOUDNESS,high,LOUDNESS,title,2026-05-01
zepp_divercity:https://www.zepp.co.jp/hall/divercity/schedule/single/?rid=155057,"JUST PUNK ROCK TOUR FINAL ""ONE MAN LIVE""",Just,high,Just,title,2026-05-01
zepp_divercity:https://www.zepp.co.jp/hall/divercity/schedule/single/?rid=155308,【FC限定公演】LANA LIVE TOUR 2026 “DIAMONDS IN THE SKY”,LANA,high,LANA,title,2026-05-01
zepp_divercity:https://www.zepp.co.jp/hall/divercity/schedule/single/?rid=155323,TOOBOE ONE MAN TOUR 2026 〜銃⽖は視線〜,John,medium,TOOBOE,title,2026-05-01
zepp_divercity:https://www.zepp.co.jp/hall/divercity/schedule/single/?rid=155426,vistlip 19th Anniversary LIVE［CLOCKWORK JUKEBOX］,vistlip,high,vistlip,title,2026-05-01
zepp_divercity:https://www.zepp.co.jp/hall/divercity/schedule/single/?rid=155427,secret blue presents Salvia Party 10 〜Celebration Special Live〜,Secret,high,Secret,title,2026-05-01
zepp_divercity:https://www.zepp.co.jp/hall/divercity/schedule/single/?rid=155496,East Of Eden Zepp Tour 2026 〜 Rising 〜,East Of Eden,high,East Of Eden,title,2026-05-01
zepp_divercity:https://www.zepp.co.jp/hall/divercity/schedule/single/?rid=155699,相川七瀬 30th AnniversaryROCK KINGDOM TOUR 2026,相川七瀬,high,相川七瀬,title,2026-05-01
zepp_divercity:https://www.zepp.co.jp/hall/divercity/schedule/single/?rid=155709,相川七瀬 30th AnniversaryROCK KINGDOM TOUR 2026,相川七瀬,high,相川七瀬,title,2026-05-01
zepp_divercity:https://www.zepp.co.jp/hall/divercity/schedule/single/?rid=156029,Juice=Juice LIVE TOUR 2026 UP TO 11,Juice=Juice,high,Juice=Juice,title,2026-05-01
zepp_divercity:https://www.zepp.co.jp/hall/divercity/schedule/single/?rid=156187,"⾳⽥雅則 4th One Man Live ""Contrast""",One,high,One,title,2026-05-01
zepp_divercity:https://www.zepp.co.jp/hall/divercity/schedule/single/?rid=156188,【FC限定公演】LANA LIVE TOUR 2026 “DIAMONDS IN THE SKY”,LANA,high,LANA,title,2026-05-01
zepp_divercity:https://www.zepp.co.jp/hall/divercity/schedule/single/?rid=156190,LOUDNESS 45th Anniversary Tour 2025-2026 Chapter ３ LOUD CRAZY LOUD【追加公演】,LOUDNESS,high,LOUDNESS,title,2026-05-01
zepp_divercity:https://www.zepp.co.jp/hall/divercity/schedule/single/?rid=156295,bokula.全国ツアー 「最初は最後、あいまって」,Bokula.,high,Bokula.,title,2026-05-01
zepp_divercity:https://www.zepp.co.jp/hall/divercity/schedule/single/?rid=156310,"CLAN QUEEN ""Grand Hotel MONOPOLY Tour"" 2026",CLAN QUEEN,high,CLAN QUEEN,title,2026-05-01
zepp_divercity:https://www.zepp.co.jp/hall/divercity/schedule/single/?rid=156439,鬼龍院翔「42歳 おたおめツアー」,鬼龍院翔,high,鬼龍院翔,title,2026-05-01
zepp_divercity:https://www.zepp.co.jp/hall/divercity/schedule/single/?rid=156486,Ayumu Imazu The CLASSIC TOUR 2026,Ayumu Imazu,high,Ayumu Imazu,title,2026-05-01
zepp_divercity:https://www.zepp.co.jp/hall/divercity/schedule/single/?rid=156768,What is Paledusk?? TOUR 2026,Paledusk,high,Paledusk,title,2026-05-01
zepp_divercity:https://www.zepp.co.jp/hall/divercity/schedule/single/?rid=156798,SOPHIA TOUR 2026 “We Believe ALIVE”,SOPHIA,high,SOPHIA,title,2026-05-01
zepp_divercity:https://www.zepp.co.jp/hall/divercity/schedule/single/?rid=156799,SOPHIA TOUR 2026 “そして僕らは老けて行く”,SOPHIA,high,SOPHIA,title,2026-05-01
zepp_divercity:https://www.zepp.co.jp/hall/divercity/schedule/single/?rid=156849,ABE MAO LIVE HOUSE TOUR 2026,阿部真央,medium,Abe Mao,title,2026-05-01
zepp_divercity:https://www.zepp.co.jp/hall/divercity/schedule/single/?rid=157269,TRACK15 Zepp ONE MAN Tour 東京編,One,high,One,title,2026-05-01
zepp_divercity:https://www.zepp.co.jp/hall/divercity/schedule/single/?rid=157393,れん ONEMAN LIVE TOUR 2026 -懸想歌-,れん,high,れん,title,2026-05-01
zepp_divercity:https://www.zepp.co.jp/hall/divercity/schedule/single/?rid=158031,小山田壮平バンドツアー2026,小山田壮平,high,小山田壮平,title,2026-05-01
zepp_divercity:https://www.zepp.co.jp/hall/divercity/schedule/single/?rid=158104,Maki Tour 2026「四暗刻」,MAKI,high,MAKI,title,2026-05-01
zepp_divercity:https://www.zepp.co.jp/hall/divercity/schedule/single/?rid=158126,"EXILE AKIRA 20th ANNIVERSARYSPECIAL LIVE TOUR ""URBAN SAVAGE""",EXILE,high,EXILE,title,2026-05-01
zepp_divercity:https://www.zepp.co.jp/hall/divercity/schedule/single/?rid=158308,"Tokyo Young Vision ONEMAN LIVE ""EDOTENSEI """,20世紀Jr.,high,VisioN,title,2026-05-01
zepp_divercity:https://www.zepp.co.jp/hall/divercity/schedule/single/?rid=158451,MONGOL800 -etc.works- TOUR 2026,MONGOL800,high,MONGOL800,title,2026-05-01
zepp_divercity:https://www.zepp.co.jp/hall/divercity/schedule/single/?rid=158461,ExWHYZ LAST TOUR ‘DANCE YOUR DANCE’,ExWHYZ,high,ExWHYZ,title,2026-05-01
zepp_divercity:https://www.zepp.co.jp/hall/divercity/schedule/single/?rid=158729,ロデオ組 presents GRANRODEO LIVE ⽜追祭 〜2026夏〜,GRANRODEO,high,GRANRODEO,title,2026-05-01
zepp_divercity:https://www.zepp.co.jp/hall/divercity/schedule/single/?rid=159284,Aile The Shota Oneman Tour 2026,Aile The Shota,high,Aile The Shota,title,2026-05-01
zepp_divercity:https://www.zepp.co.jp/hall/divercity/schedule/single/?rid=159318,YOU ARE WELCOME TOUR,YOU,high,YOU,title,2026-05-01
zepp_divercity:https://www.zepp.co.jp/hall/divercity/schedule/single/?rid=159328,"岡崎体育 10th Anniversary Tour ""Zepp10連単総流し""",岡崎体育,high,岡崎体育,title,2026-05-01
zepp_divercity:https://www.zepp.co.jp/hall/divercity/schedule/single/?rid=159952,2026 DXTEEN 2ND ONE MAN LIVE TOUR 〜Heart & Soul〜,DXTEEN,high,DXTEEN,title,2026-05-01
zepp_divercity:https://www.zepp.co.jp/hall/divercity/schedule/single/?rid=159991,東京メルヘン倶楽部「漆黒のZepp」,東京メルヘン倶楽部,high,東京メルヘン倶楽部,title,2026-05-01
zepp_divercity:https://www.zepp.co.jp/hall/divercity/schedule/single/?rid=160377,夜光性アミューズ5周年記念東名阪TOUR『NIGHT PARADE 2026』,夜光性アミューズ,high,夜光性アミューズ,title,2026-05-01
zepp_divercity:https://www.zepp.co.jp/hall/divercity/schedule/single/?rid=160403,アンスリューム 2026 ONE MAN LIVE,アンスリューム,high,アンスリューム,title,2026-05-01
zepp_divercity:https://www.zepp.co.jp/hall/divercity/schedule/single/?rid=160405,VOKSY DAYS 初・東阪ツアー「（タイトル未定）」,VOKSY DAYS,high,VOKSY DAYS,title,2026-05-01
zepp_divercity:https://www.zepp.co.jp/hall/divercity/schedule/single/?rid=161798,陰陽座ツアー2026『流転の現に夢喰らう也』,陰陽座,high,陰陽座,title,2026-05-01
zepp_divercity:https://www.zepp.co.jp/hall/divercity/schedule/single/?rid=162224,AsIs 2nd TOUR 2026〜ただ君が好き〜,AsIs,high,AsIs,title,2026-05-01
zepp_haneda:https://www.zepp.co.jp/hall/haneda/schedule/single/?rid=152081,KYOSUKE HIMURO FILM CONCERT LAST GIGS OVERRIDE,氷室京介,high,Kyosuke Himuro,title,2026-05-01
zepp_haneda:https://www.zepp.co.jp/hall/haneda/schedule/single/?rid=154674,2026 FTISLAND LIVE ’MAD HAPPY‘ Zepp Tour IN JAPAN,FTISLAND,high,FTISLAND,title,2026-05-01
zepp_haneda:https://www.zepp.co.jp/hall/haneda/schedule/single/?rid=154842,Back Into the Noise Tour 2026,Noise,high,Noise,title,2026-05-01
zepp_haneda:https://www.zepp.co.jp/hall/haneda/schedule/single/?rid=155340,DJ KANJI ONEMAN LIVE ”THE SOUL”,DJ KANJI,high,DJ KANJI,title,2026-05-01
zepp_haneda:https://www.zepp.co.jp/hall/haneda/schedule/single/?rid=155343,"KAZ LIVE TOUR 2026 ""LIFE GOES ON""",K.A.Z,high,KAZ,title,2026-05-01
zepp_haneda:https://www.zepp.co.jp/hall/haneda/schedule/single/?rid=155357,never young beach Spring Tour 2026,never young beach,high,never young beach,title,2026-05-01
zepp_haneda:https://www.zepp.co.jp/hall/haneda/schedule/single/?rid=155428,ピノキオピー 2026 TOUR 「アンダーワールド」,ピノキオピー,high,ピノキオピー,title,2026-05-01
zepp_haneda:https://www.zepp.co.jp/hall/haneda/schedule/single/?rid=155430,"天月-あまつき- Zepp Tour2026""その笑顔まで、あとワンコーラス""",天月－あまつき－,high,天月－あまつき－,title,2026-05-01
zepp_haneda:https://www.zepp.co.jp/hall/haneda/schedule/single/?rid=156145,アルルカン LIVE TOUR 2026「imagine」,アルルカン,high,アルルカン,title,2026-05-01
zepp_haneda:https://www.zepp.co.jp/hall/haneda/schedule/single/?rid=156198,Little Glee Monster Zepp Tour 2026 “全力REAL LIVE”,Little Glee Monster,high,Little Glee Monster,title,2026-05-01
zepp_haneda:https://www.zepp.co.jp/hall/haneda/schedule/single/?rid=156199,Little Glee Monster Zepp Tour 2026 “全力REAL LIVE”,Little Glee Monster,high,Little Glee Monster,title,2026-05-01
zepp_haneda:https://www.zepp.co.jp/hall/haneda/schedule/single/?rid=156211,jo0ji tour 2026「よあけまえ」,Jo0ji,high,Jo0ji,title,2026-05-01
zepp_haneda:https://www.zepp.co.jp/hall/haneda/schedule/single/?rid=156224,ヰ世界情緒 2DAYS LIVE DAY-1「Flower Closet」,くまのきよみ,high,2Days,title,2026-05-01
zepp_haneda:https://www.zepp.co.jp/hall/haneda/schedule/single/?rid=156225,ヰ世界情緒 2DAYS LIVE DAY-2「Anima Re:birth」,くまのきよみ,high,2Days,title,2026-05-01
zepp_haneda:https://www.zepp.co.jp/hall/haneda/schedule/single/?rid=156229,私⽴恵⽐寿中学×ukka ツーマンライブ,私立恵比寿中学,high,私立恵比寿中学,title,2026-05-01
zepp_haneda:https://www.zepp.co.jp/hall/haneda/schedule/single/?rid=156232,SHINJIRO ATAE LIVE TOUR 2026 - THIS IS HOW I AM -,與真司郎,high,Shinjiro Atae,title,2026-05-01
zepp_haneda:https://www.zepp.co.jp/hall/haneda/schedule/single/?rid=156235,TOUR26 Downer Absolutely No One,One,high,One,title,2026-05-01
zepp_haneda:https://www.zepp.co.jp/hall/haneda/schedule/single/?rid=156240,amazarashi ASIA TOUR 2026,amazarashi,high,amazarashi,title,2026-05-01
zepp_haneda:https://www.zepp.co.jp/hall/haneda/schedule/single/?rid=156368,the dresscodesTOUR2026,ドレスコーズ,high,the dresscodes,title,2026-05-01
zepp_haneda:https://www.zepp.co.jp/hall/haneda/schedule/single/?rid=156755,ReoNa Live Tour 2026 “De:TOUR -動脈-”,ReoNa,high,ReoNa,title,2026-05-01
zepp_haneda:https://www.zepp.co.jp/hall/haneda/schedule/single/?rid=156828,Ave Mujica LIVE TOUR 2026「Exitus」東京公演,Ave Mujica,high,Ave Mujica,title,2026-05-01
zepp_haneda:https://www.zepp.co.jp/hall/haneda/schedule/single/?rid=156829,Do As Infinity Live Tour 2026〜Reborn〜,Do As Infinity,high,Do As Infinity,title,2026-05-01
zepp_haneda:https://www.zepp.co.jp/hall/haneda/schedule/single/?rid=156984,"Aooo Live Tour ""RINGRING""",Aooo,high,Aooo,title,2026-05-01
zepp_haneda:https://www.zepp.co.jp/hall/haneda/schedule/single/?rid=157058,2026 JAEJOONG ZEPP & HALL LIVE TOUR – 86% –,ジェジュン,high,Jaejoong,title,2026-05-01
zepp_haneda:https://www.zepp.co.jp/hall/haneda/schedule/single/?rid=157199,BLUE ENCOUNT 2MAN TOUR2026 ASSEMBLE A NEW AGE -season3-,BLUE ENCOUNT,high,BLUE ENCOUNT,title,2026-05-01
zepp_haneda:https://www.zepp.co.jp/hall/haneda/schedule/single/?rid=157229,The Blow Your Mind TOUR 2026,BLOW,high,BLOW,title,2026-05-01
zepp_haneda:https://www.zepp.co.jp/hall/haneda/schedule/single/?rid=157230,The Blow Your Mind TOUR 2026,BLOW,high,BLOW,title,2026-05-01
zepp_haneda:https://www.zepp.co.jp/hall/haneda/schedule/single/?rid=157239,one-man tour 2026,One,high,One,title,2026-05-01
zepp_haneda:https://www.zepp.co.jp/hall/haneda/schedule/single/?rid=157240,Back Into the Noise Tour 2026,Noise,high,Noise,title,2026-05-01
zepp_haneda:https://www.zepp.co.jp/hall/haneda/schedule/single/?rid=157311,斉藤壮馬 Zepp Live Tour 2026,斉藤壮馬,high,斉藤壮馬,title,2026-05-01
zepp_haneda:https://www.zepp.co.jp/hall/haneda/schedule/single/?rid=157341,"岡崎体育 10th Anniversary Tour ""Zepp10連単総流し"" 「羽田ハイジャンプ」",岡崎体育,high,岡崎体育,title,2026-05-01
zepp_haneda:https://www.zepp.co.jp/hall/haneda/schedule/single/?rid=157349,岡村靖幸 2026 SUMMER TOUR 「ピポット」,岡村靖幸,high,岡村靖幸,title,2026-05-01
zepp_haneda:https://www.zepp.co.jp/hall/haneda/schedule/single/?rid=157624,東京スカパラダイスオーケストラライブハウスTOUR 「VerSus Carnival」,東京スカパラダイスオーケストラ,high,東京スカパラダイスオーケストラ,title,2026-05-01
zepp_haneda:https://www.zepp.co.jp/hall/haneda/schedule/single/?rid=157625,東京スカパラダイスオーケストラライブハウスTOUR 「VerSus Carnival」,東京スカパラダイスオーケストラ,high,東京スカパラダイスオーケストラ,title,2026-05-01
zepp_haneda:https://www.zepp.co.jp/hall/haneda/schedule/single/?rid=157808,鈴⽊愛理 LIVE 2026 ll:Bias by us:ll,鈴木愛理,high,鈴木愛理,title,2026-05-01
zepp_haneda:https://www.zepp.co.jp/hall/haneda/schedule/single/?rid=157887,"""GRe4N BOYZ イマーシブライブシアター2026「“The ZA” 〜溢れる想いが止まらない〜」""",GRe4N BOYZ,high,GRe4N BOYZ,title,2026-05-01
zepp_haneda:https://www.zepp.co.jp/hall/haneda/schedule/single/?rid=157929,ZIPANG OPERA 2nd Tour 2026,Zipang,high,Zipang,title,2026-05-01
zepp_haneda:https://www.zepp.co.jp/hall/haneda/schedule/single/?rid=157930,ZIPANG OPERA 2nd Tour 2026,Zipang,high,Zipang,title,2026-05-01
zepp_haneda:https://www.zepp.co.jp/hall/haneda/schedule/single/?rid=158072,ライブナタリー “離婚伝説 × 秦 基博”,離婚伝説,high,離婚伝説,title,2026-05-01
zepp_haneda:https://www.zepp.co.jp/hall/haneda/schedule/single/?rid=158196,ClariS SPRING TOUR 2026,ClariS,high,ClariS,title,2026-05-01
zepp_haneda:https://www.zepp.co.jp/hall/haneda/schedule/single/?rid=158297,街を嚥む、今宵の⽉ - HARVEST SPECIAL LIVE NIGHT WITH toe -,toe,high,toe,title,2026-05-01
zepp_haneda:https://www.zepp.co.jp/hall/haneda/schedule/single/?rid=158307,2026スペシャルMUCC day！「ムックリ クエストLIVE-破-」,MUCC,high,MUCC,title,2026-05-01
zepp_haneda:https://www.zepp.co.jp/hall/haneda/schedule/single/?rid=158349,ONE MAN LIVE TOUR “RETURN OF THE 13”,One,high,One,title,2026-05-01
zepp_haneda:https://www.zepp.co.jp/hall/haneda/schedule/single/?rid=158570,メガテラ・ゼロ ワンマンライブ 〜懐かしいを攻める 新しいのもやるよ〜,メガテラ・ゼロ,high,メガテラ・ゼロ,title,2026-05-01
zepp_haneda:https://www.zepp.co.jp/hall/haneda/schedule/single/?rid=158751,YOU ARE WELCOME TOUR,YOU,high,YOU,title,2026-05-01
zepp_haneda:https://www.zepp.co.jp/hall/haneda/schedule/single/?rid=159515,"10-FEET ""壊れて消えるまで"" ONE-MAN TOUR 2026",10-FEET,high,10-FEET,title,2026-05-01
zepp_haneda:https://www.zepp.co.jp/hall/haneda/schedule/single/?rid=159541,04 Limited Sazabys ONE MAN TOUR 2026,04 Limited Sazabys,high,04 Limited Sazabys,title,2026-05-01
zepp_haneda:https://www.zepp.co.jp/hall/haneda/schedule/single/?rid=159542,04 Limited Sazabys ONE MAN TOUR 2026,04 Limited Sazabys,high,04 Limited Sazabys,title,2026-05-01
zepp_haneda:https://www.zepp.co.jp/hall/haneda/schedule/single/?rid=160793,BAND-MAID WORLD TOUR 2026,BAND-MAID,high,BAND-MAID,title,2026-05-01
zepp_haneda:https://www.zepp.co.jp/hall/haneda/schedule/single/?rid=162398,Rockon Social Club Tour 2026 The Warriors,Rockon Social Club,high,Rockon Social Club,title,2026-05-01
zepp_haneda:https://www.zepp.co.jp/hall/haneda/schedule/single/?rid=162399,Rockon Social Club Tour 2026 The Warriors,Rockon Social Club,high,Rockon Social Club,title,2026-05-01
zepp_haneda:https://www.zepp.co.jp/hall/haneda/schedule/single/?rid=162654,日向坂46三期生 LIVE,日向坂46,high,日向坂46,title,2026-05-01
zepp_namba:https://www.zepp.co.jp/hall/namba/schedule/single/?rid=152069,KYOSUKE HIMURO FILM CONCERT TOURLAST GIGS OVERRIDE,氷室京介,high,Kyosuke Himuro,title,2026-05-01
zepp_namba:https://www.zepp.co.jp/hall/namba/schedule/single/?rid=152837,全国のZeppをリアルピースがジャック！『リアフェスin全Zepp』,リア,high,リア,title,2026-05-01
zepp_namba:https://www.zepp.co.jp/hall/namba/schedule/single/?rid=153963,にしな ツアー2026「日々散漫」,にしな,high,にしな,title,2026-05-01
zepp_namba:https://www.zepp.co.jp/hall/namba/schedule/single/?rid=154470,i☆Ris 11th Live Tour 2026,i☆Ris,high,i☆Ris,title,2026-05-01
zepp_namba:https://www.zepp.co.jp/hall/namba/schedule/single/?rid=155700,Ave Mujica LIVE TOUR 2026「Exitus」大阪公演,Ave Mujica,high,Ave Mujica,title,2026-05-01
zepp_namba:https://www.zepp.co.jp/hall/namba/schedule/single/?rid=156207,Little Glee Monster Zepp Tour 2026,Little Glee Monster,high,Little Glee Monster,title,2026-05-01
zepp_namba:https://www.zepp.co.jp/hall/namba/schedule/single/?rid=156208,Little Glee Monster Zepp Tour 2026,Little Glee Monster,high,Little Glee Monster,title,2026-05-01
zepp_namba:https://www.zepp.co.jp/hall/namba/schedule/single/?rid=156803,ONE OR EIGHT 1st LIVE TOUR -GATHER- FINAL in JAPAN,ONE OR EIGHT,high,ONE OR EIGHT,title,2026-05-01
zepp_namba:https://www.zepp.co.jp/hall/namba/schedule/single/?rid=157081,East Of Eden Zepp Tour 2026 〜 Rising 〜,East Of Eden,high,East Of Eden,title,2026-05-01
zepp_namba:https://www.zepp.co.jp/hall/namba/schedule/single/?rid=157178,jo0ji tour 2026「よあけまえ」,Jo0ji,high,Jo0ji,title,2026-05-01
zepp_namba:https://www.zepp.co.jp/hall/namba/schedule/single/?rid=157183,Kudos：Daichi Yamamoto Live 2026,Daichi Yamamoto,high,Daichi Yamamoto,title,2026-05-01
zepp_namba:https://www.zepp.co.jp/hall/namba/schedule/single/?rid=157270,TRACK15 Zepp ONE MAN Tour,One,high,One,title,2026-05-01
zepp_namba:https://www.zepp.co.jp/hall/namba/schedule/single/?rid=157551,鈴木愛理 LIVE 2026 ll:Bias by us:ll,鈴木愛理,high,鈴木愛理,title,2026-05-01
zepp_namba:https://www.zepp.co.jp/hall/namba/schedule/single/?rid=157775,"Aooo Live Tour ""RINGRING""",Aooo,high,Aooo,title,2026-05-01
zepp_namba:https://www.zepp.co.jp/hall/namba/schedule/single/?rid=157871,ZIPANG OPERA 2nd Tour 2026 ～ZIPANGRIMM～,Zipang,high,Zipang,title,2026-05-01
zepp_namba:https://www.zepp.co.jp/hall/namba/schedule/single/?rid=158056,ReoNa Live Tour 2026 “De:TOUR -動脈-”,ReoNa,high,ReoNa,title,2026-05-01
zepp_namba:https://www.zepp.co.jp/hall/namba/schedule/single/?rid=158148,街を嚥む、今宵の月 - HARVEST SPECIAL LIVE NIGHT WITH toe -,toe,high,toe,title,2026-05-01
zepp_namba:https://www.zepp.co.jp/hall/namba/schedule/single/?rid=158166,2026ツアー「ROUND 4」 出演者：ABEDON AND THE RINGSIDE（ABEDON、⼋熊慎⼀、奥⽥⺠⽣、⽊内健、奥野真哉）,ABEDON AND THE RINGSIDE,high,ABEDON AND THE RINGSIDE,title,2026-05-01
zepp_namba:https://www.zepp.co.jp/hall/namba/schedule/single/?rid=159258,"EXILE AKIRA 20th ANNIVERSARYSPECIAL LIVE TOUR ""URBAN SAVAGE""",EXILE,high,EXILE,title,2026-05-01
zepp_namba:https://www.zepp.co.jp/hall/namba/schedule/single/?rid=159329,"岡崎体育 10th Anniversary Tour ""Zepp10連単総流し"" KBSサマーダッシュ",岡崎体育,high,岡崎体育,title,2026-05-01
zepp_namba:https://www.zepp.co.jp/hall/namba/schedule/single/?rid=159684,"WHITE JAM Zepp Tour 2026 ""磁石""〜 初のゼップツアー・5大都市 〜",WHITE JAM,high,WHITE JAM,title,2026-05-01
zepp_namba:https://www.zepp.co.jp/hall/namba/schedule/single/?rid=160294,⼿越祐也 LIVE TOUR 2026 SUPER STAR,手越祐也,high,手越祐也,title,2026-05-01
zepp_namba:https://www.zepp.co.jp/hall/namba/schedule/single/?rid=160295,⼿越祐也 LIVE TOUR 2026 SUPER STAR,手越祐也,high,手越祐也,title,2026-05-01
zepp_namba:https://www.zepp.co.jp/hall/namba/schedule/single/?rid=160375,夜光性アミューズ5周年記念東名阪TOUR『NIGHT PARADE 2026』,夜光性アミューズ,high,夜光性アミューズ,title,2026-05-01
zepp_namba:https://www.zepp.co.jp/hall/namba/schedule/single/?rid=160497,Appare!10th ANNIVERSARY TOUR〜てんきゅー!!!!!!!!!〜,Appare!,high,Appare!,title,2026-05-01
zepp_namba:https://www.zepp.co.jp/hall/namba/schedule/single/?rid=160642,soft world tour,SALTNPAPER,high,SOFT,title,2026-05-01
zepp_namba:https://www.zepp.co.jp/hall/namba/schedule/single/?rid=160647,soft world tour,SALTNPAPER,high,SOFT,title,2026-05-01
zepp_namba:https://www.zepp.co.jp/hall/namba/schedule/single/?rid=160899,OCTPATH 2nd JAPAN TOUR 2026 -Ice Cream-,OCTPATH,high,OCTPATH,title,2026-05-01
zepp_namba:https://www.zepp.co.jp/hall/namba/schedule/single/?rid=160975,"KAZ LIVE TOUR 2026 ""LIFE GOES ON""",K.A.Z,high,KAZ,title,2026-05-01
zepp_namba:https://www.zepp.co.jp/hall/namba/schedule/single/?rid=163104,陰陽座ツアー2026『流転の現に夢喰らう也』,陰陽座,high,陰陽座,title,2026-05-01
zepp_namba:https://www.zepp.co.jp/hall/namba/schedule/single/?rid=163228,"NMB48 ファンミーティング＆ライブ ""WE ARE NMB48 2026""",NMB48,high,NMB48,title,2026-05-01
zepp_osaka_bayside:https://www.zepp.co.jp/hall/osakabayside/schedule/single/?rid=152927,リアフェスin全Zepp,リア,high,リア,title,2026-05-01
zepp_osaka_bayside:https://www.zepp.co.jp/hall/osakabayside/schedule/single/?rid=154646,2026 FTISLAND LIVE ’MAD HAPPY‘ Zepp Tour IN JAPAN,FTISLAND,high,FTISLAND,title,2026-05-01
zepp_osaka_bayside:https://www.zepp.co.jp/hall/osakabayside/schedule/single/?rid=155294,2026 JAEJOONG ZEPP & HALL LIVE TOUR – 86% –,ジェジュン,high,Jaejoong,title,2026-05-01
zepp_osaka_bayside:https://www.zepp.co.jp/hall/osakabayside/schedule/single/?rid=155419,BLUE ENCOUNT 2MAN TOUR2026 ASSEMBLE A NEW AGE -season3-,BLUE ENCOUNT,high,BLUE ENCOUNT,title,2026-05-01
zepp_osaka_bayside:https://www.zepp.co.jp/hall/osakabayside/schedule/single/?rid=155488,LANA LIVE TOUR 2026,LANA,high,LANA,title,2026-05-01
zepp_osaka_bayside:https://www.zepp.co.jp/hall/osakabayside/schedule/single/?rid=155489,LANA LIVE TOUR 2026,LANA,high,LANA,title,2026-05-01
zepp_osaka_bayside:https://www.zepp.co.jp/hall/osakabayside/schedule/single/?rid=155727,ピノキオピー2026 TOUR「アンダーワールド」,ピノキオピー,high,ピノキオピー,title,2026-05-01
zepp_osaka_bayside:https://www.zepp.co.jp/hall/osakabayside/schedule/single/?rid=155732,GRe4N BOYZ イマーシブライブシアター2026 「“The ZA” 〜溢れる想いが止まらない〜」,GRe4N BOYZ,high,GRe4N BOYZ,title,2026-05-01
zepp_osaka_bayside:https://www.zepp.co.jp/hall/osakabayside/schedule/single/?rid=156311,"CLAN QUEEN ""Grand Hotel MONOPOLY Tour"" 2026",CLAN QUEEN,high,CLAN QUEEN,title,2026-05-01
zepp_osaka_bayside:https://www.zepp.co.jp/hall/osakabayside/schedule/single/?rid=156413,ファントムシータ Zepp TOUR 2026「ふぁんとむ♥らんど」,ファントムシータ,high,ファントムシータ,title,2026-05-01
zepp_osaka_bayside:https://www.zepp.co.jp/hall/osakabayside/schedule/single/?rid=156503,SHINJIRO ATAE LIVE TOUR 2026 – THIS IS HOW I AM –,與真司郎,high,Shinjiro Atae,title,2026-05-01
zepp_osaka_bayside:https://www.zepp.co.jp/hall/osakabayside/schedule/single/?rid=156940,SOPHIA TOUR 2026 “We Believe ALIVE”,SOPHIA,high,SOPHIA,title,2026-05-01
zepp_osaka_bayside:https://www.zepp.co.jp/hall/osakabayside/schedule/single/?rid=156941,SOPHIA TOUR 2026“そして僕らは老けて行く”,SOPHIA,high,SOPHIA,title,2026-05-01
zepp_osaka_bayside:https://www.zepp.co.jp/hall/osakabayside/schedule/single/?rid=157061,"iri 10th Anniversary LIVE ""DoT""",iri,high,iri,title,2026-05-01
zepp_osaka_bayside:https://www.zepp.co.jp/hall/osakabayside/schedule/single/?rid=157143,The Blow Your Mind TOUR 2026,BLOW,high,BLOW,title,2026-05-01
zepp_osaka_bayside:https://www.zepp.co.jp/hall/osakabayside/schedule/single/?rid=157144,The Blow Your Mind TOUR 2026,BLOW,high,BLOW,title,2026-05-01
zepp_osaka_bayside:https://www.zepp.co.jp/hall/osakabayside/schedule/single/?rid=157221,never young beach Spring Tour 2026,never young beach,high,never young beach,title,2026-05-01
zepp_osaka_bayside:https://www.zepp.co.jp/hall/osakabayside/schedule/single/?rid=157294,Do As Infinity Live Tour 2026～Reborn～,Do As Infinity,high,Do As Infinity,title,2026-05-01
zepp_osaka_bayside:https://www.zepp.co.jp/hall/osakabayside/schedule/single/?rid=157310,斉藤壮馬 Zepp Live Tour 2026,斉藤壮馬,high,斉藤壮馬,title,2026-05-01
zepp_osaka_bayside:https://www.zepp.co.jp/hall/osakabayside/schedule/single/?rid=157322,岡村靖幸 2026 SUMMER TOUR「ピポット」,岡村靖幸,high,岡村靖幸,title,2026-05-01
zepp_osaka_bayside:https://www.zepp.co.jp/hall/osakabayside/schedule/single/?rid=157546,"Kroi Live Tour 2026 ""JUNGLE""",Kroi,high,Kroi,title,2026-05-01
zepp_osaka_bayside:https://www.zepp.co.jp/hall/osakabayside/schedule/single/?rid=157547,"Kroi Live Tour 2026 ""JUNGLE""",Kroi,high,Kroi,title,2026-05-01
zepp_osaka_bayside:https://www.zepp.co.jp/hall/osakabayside/schedule/single/?rid=157574,ONE MAN LIVE TOUR “RETURN OF THE 13”,One,high,One,title,2026-05-01
zepp_osaka_bayside:https://www.zepp.co.jp/hall/osakabayside/schedule/single/?rid=157614,東京スカパラダイスオーケストラライブハウスTOUR「VerSus Carnival」,東京スカパラダイスオーケストラ,high,東京スカパラダイスオーケストラ,title,2026-05-01
zepp_osaka_bayside:https://www.zepp.co.jp/hall/osakabayside/schedule/single/?rid=157615,東京スカパラダイスオーケストラライブハウスTOUR「VerSus Carnival」,東京スカパラダイスオーケストラ,high,東京スカパラダイスオーケストラ,title,2026-05-01
zepp_osaka_bayside:https://www.zepp.co.jp/hall/osakabayside/schedule/single/?rid=158114,SIX LOUNGE Sweet Journey Tour,SIX LOUNGE,high,SIX LOUNGE,title,2026-05-01
zepp_osaka_bayside:https://www.zepp.co.jp/hall/osakabayside/schedule/single/?rid=158867,the cabs one-man tour 2026,One,high,One,title,2026-05-01
zepp_osaka_bayside:https://www.zepp.co.jp/hall/osakabayside/schedule/single/?rid=158873,2026 森高千里 エスプレッソ SUMMER tour,森高千里,high,森高千里,title,2026-05-01
zepp_osaka_bayside:https://www.zepp.co.jp/hall/osakabayside/schedule/single/?rid=159327,2026 森高千里 エスプレッソ SUMMER tour,森高千里,high,森高千里,title,2026-05-01
zepp_osaka_bayside:https://www.zepp.co.jp/hall/osakabayside/schedule/single/?rid=159495,ClariS SPRING TOUR 2026,ClariS,high,ClariS,title,2026-05-01
zepp_osaka_bayside:https://www.zepp.co.jp/hall/osakabayside/schedule/single/?rid=159657,YOU ARE WELCOME TOUR,YOU,high,YOU,title,2026-05-01
zepp_osaka_bayside:https://www.zepp.co.jp/hall/osakabayside/schedule/single/?rid=159798,"10-FEET ""壊れて消えるまで"" ONE-MAN TOUR 2026",10-FEET,high,10-FEET,title,2026-05-01
zepp_osaka_bayside:https://www.zepp.co.jp/hall/osakabayside/schedule/single/?rid=160177,Chevon ONE MAN TOUR 2026,Chevon,high,Chevon,title,2026-05-01
zepp_osaka_bayside:https://www.zepp.co.jp/hall/osakabayside/schedule/single/?rid=160178,Chevon ONE MAN TOUR 2026,Chevon,high,Chevon,title,2026-05-01
zepp_osaka_bayside:https://www.zepp.co.jp/hall/osakabayside/schedule/single/?rid=160449,iLiFE! Zeppツアー「TRAVELiFE! 2026」,ILiFE!,high,ILiFE!,title,2026-05-01
zepp_osaka_bayside:https://www.zepp.co.jp/hall/osakabayside/schedule/single/?rid=160450,iLiFE! Zeppツアー「TRAVELiFE! 2026」,ILiFE!,high,ILiFE!,title,2026-05-01
zepp_osaka_bayside:https://www.zepp.co.jp/hall/osakabayside/schedule/single/?rid=160545,「NEW ERA」～MIKADO FIRST ZEPP ONEMAN LIVE～,New,high,New,title,2026-05-01
zepp_osaka_bayside:https://www.zepp.co.jp/hall/osakabayside/schedule/single/?rid=161871,Back Into the Noise Tour 2026,Noise,high,Noise,title,2026-05-01
zepp_osaka_bayside:https://www.zepp.co.jp/hall/osakabayside/schedule/single/?rid=161872,Back Into the Noise Tour 2026,Noise,high,Noise,title,2026-05-01
zepp_osaka_bayside:https://www.zepp.co.jp/hall/osakabayside/schedule/single/?rid=162670,日向坂46 三期生LIVE,日向坂46,high,日向坂46,title,2026-05-01
zepp_osaka_bayside:https://www.zepp.co.jp/hall/osakabayside/schedule/single/?rid=163689,BLOOD DYNASTY JAPAN TOUR 2026,Blood,high,Blood,title,2026-05-01
zepp_osaka_bayside:https://www.zepp.co.jp/hall/osakabayside/schedule/single/?rid=165770,NMB48 安部若菜 卒業コンサート「そして最後のページには〜」,NMB48,high,NMB48,title,2026-05-01
zepp_sapporo:https://www.zepp.co.jp/hall/sapporo/schedule/single/?rid=152071,KYOSUKE HIMURO FILM CONCERT TOUR LAST GIGS OVERRIDE,氷室京介,high,Kyosuke Himuro,title,2026-05-01
zepp_sapporo:https://www.zepp.co.jp/hall/sapporo/schedule/single/?rid=152691,Chevon ONE MAN TOUR 2026,Chevon,high,Chevon,title,2026-05-01
zepp_sapporo:https://www.zepp.co.jp/hall/sapporo/schedule/single/?rid=152692,Chevon ONE MAN TOUR 2026,Chevon,high,Chevon,title,2026-05-01
zepp_sapporo:https://www.zepp.co.jp/hall/sapporo/schedule/single/?rid=152839,全国のZeppをリアルピースがジャック！『リアフェスin全Zepp』,リア,high,リア,title,2026-05-01
zepp_sapporo:https://www.zepp.co.jp/hall/sapporo/schedule/single/?rid=153946,HIMEHINA ASIA Tour 2026『LIFETIME is BUBBLIN』,ヒメヒナ,high,HIMEHINA,title,2026-05-01
zepp_sapporo:https://www.zepp.co.jp/hall/sapporo/schedule/single/?rid=153966,にしな ツアー2026,にしな,high,にしな,title,2026-05-01
zepp_sapporo:https://www.zepp.co.jp/hall/sapporo/schedule/single/?rid=154065,LANA LIVE TOUR 2026,LANA,high,LANA,title,2026-05-01
zepp_sapporo:https://www.zepp.co.jp/hall/sapporo/schedule/single/?rid=154066,LANA LIVE TOUR 2026,LANA,high,LANA,title,2026-05-01
zepp_sapporo:https://www.zepp.co.jp/hall/sapporo/schedule/single/?rid=154560,Original Love Tour 2026 センス・オブ・ワンダー,Original Love,high,Original Love,title,2026-05-01
zepp_sapporo:https://www.zepp.co.jp/hall/sapporo/schedule/single/?rid=154855,鈴木愛理 LIVE 2026 ll:Bias by us:ll,鈴木愛理,high,鈴木愛理,title,2026-05-01
zepp_sapporo:https://www.zepp.co.jp/hall/sapporo/schedule/single/?rid=154856,斉藤壮馬 Zepp Live Tour 2026,斉藤壮馬,high,斉藤壮馬,title,2026-05-01
zepp_sapporo:https://www.zepp.co.jp/hall/sapporo/schedule/single/?rid=155370,SOPHIA TOUR 2026 “We Believe ALIVE”,SOPHIA,high,SOPHIA,title,2026-05-01
zepp_sapporo:https://www.zepp.co.jp/hall/sapporo/schedule/single/?rid=155411,BLUE ENCOUNT 2MAN TOUR202 ASSEMBLE A NEW AGE -season3-,BLUE ENCOUNT,high,BLUE ENCOUNT,title,2026-05-01
zepp_sapporo:https://www.zepp.co.jp/hall/sapporo/schedule/single/?rid=155412,岡村靖幸 2026 SUMMER TOUR「ピポット」,岡村靖幸,high,岡村靖幸,title,2026-05-01
zepp_sapporo:https://www.zepp.co.jp/hall/sapporo/schedule/single/?rid=155442,相川七瀬 30th AnniversaryROCK KINGDOM TOUR 2026,相川七瀬,high,相川七瀬,title,2026-05-01
zepp_sapporo:https://www.zepp.co.jp/hall/sapporo/schedule/single/?rid=155714,Char 50th Anniversary Tour,Char,high,Char,title,2026-05-01
zepp_sapporo:https://www.zepp.co.jp/hall/sapporo/schedule/single/?rid=155724,ピノキオピー2026 TOUR 「アンダーワールド」,ピノキオピー,high,ピノキオピー,title,2026-05-01
zepp_sapporo:https://www.zepp.co.jp/hall/sapporo/schedule/single/?rid=155847,Juice=Juice LIVE TOUR 2026 UP TO 11,Juice=Juice,high,Juice=Juice,title,2026-05-01
zepp_sapporo:https://www.zepp.co.jp/hall/sapporo/schedule/single/?rid=156197,Little Glee Monster Zepp Tour 2026,Little Glee Monster,high,Little Glee Monster,title,2026-05-01
zepp_sapporo:https://www.zepp.co.jp/hall/sapporo/schedule/single/?rid=156412,ファントムシータ Zepp TOUR 2026 「ふぁんとむ♥らんど」,ファントムシータ,high,ファントムシータ,title,2026-05-01
zepp_sapporo:https://www.zepp.co.jp/hall/sapporo/schedule/single/?rid=156640,"岡崎体育 10th Anniversary Tour ""Zepp10連単総流し"" ＜ウエスチャンピオンシップ＞",岡崎体育,high,岡崎体育,title,2026-05-01
zepp_sapporo:https://www.zepp.co.jp/hall/sapporo/schedule/single/?rid=157059,The Blow Your Mind TOUR 2026 ゲスト：cero,BLOW,high,BLOW,title,2026-05-01
zepp_sapporo:https://www.zepp.co.jp/hall/sapporo/schedule/single/?rid=157060,The Blow Your Mind TOUR 2026,BLOW,high,BLOW,title,2026-05-01
zepp_sapporo:https://www.zepp.co.jp/hall/sapporo/schedule/single/?rid=157071,"「iri 10th Anniversary LIVE ""DoT""」",iri,high,iri,title,2026-05-01
zepp_sapporo:https://www.zepp.co.jp/hall/sapporo/schedule/single/?rid=157548,"Kroi Live Tour 2026 ""JUNGLE""",Kroi,high,Kroi,title,2026-05-01
zepp_sapporo:https://www.zepp.co.jp/hall/sapporo/schedule/single/?rid=157657,i☆Ris 11th Live Tour 2026,i☆Ris,high,i☆Ris,title,2026-05-01
zepp_sapporo:https://www.zepp.co.jp/hall/sapporo/schedule/single/?rid=157888,GRe4N BOYZ イマーシブライブシアター2026「“The ZA” 〜溢れる想いが止まらない〜」,GRe4N BOYZ,high,GRe4N BOYZ,title,2026-05-01
zepp_sapporo:https://www.zepp.co.jp/hall/sapporo/schedule/single/?rid=157932,SIX LOUNGE Sweet Journey Tour,SIX LOUNGE,high,SIX LOUNGE,title,2026-05-01
zepp_sapporo:https://www.zepp.co.jp/hall/sapporo/schedule/single/?rid=158296,LOUDNESS 45th Anniversary Tour 2025-2026 Chapter ３ JAPAN TOUR,LOUDNESS,high,LOUDNESS,title,2026-05-01
zepp_sapporo:https://www.zepp.co.jp/hall/sapporo/schedule/single/?rid=159196,ROTTENGRAFFTY わびさび TOUR FINAL SERIES ONEMAN LIVE,ロットングラフティー,medium,Rotten Graffty,title,2026-05-01
zepp_sapporo:https://www.zepp.co.jp/hall/sapporo/schedule/single/?rid=159259,"Aooo Live Tour ""RINGRING""",Aooo,high,Aooo,title,2026-05-01
zepp_sapporo:https://www.zepp.co.jp/hall/sapporo/schedule/single/?rid=160191,手越祐也 LIVE TOUR 2026 SUPER STAR,手越祐也,high,手越祐也,title,2026-05-01
zepp_sapporo:https://www.zepp.co.jp/hall/sapporo/schedule/single/?rid=160192,手越祐也 LIVE TOUR 2026 SUPER STAR,手越祐也,high,手越祐也,title,2026-05-01
zepp_sapporo:https://www.zepp.co.jp/hall/sapporo/schedule/single/?rid=160685,YZERR “RICH OR DIE III” JAPAN TOUR,YZERR,high,YZERR,title,2026-05-01
zepp_sapporo:https://www.zepp.co.jp/hall/sapporo/schedule/single/?rid=161273,Vaundy VAWS one man live 2026 at Zepp Sapporo,Vaundy,high,Vaundy,title,2026-05-01
zepp_sapporo:https://www.zepp.co.jp/hall/sapporo/schedule/single/?rid=161274,Vaundy VAWS one man live 2026 at Zepp Sapporo,Vaundy,high,Vaundy,title,2026-05-01
zepp_sapporo:https://www.zepp.co.jp/hall/sapporo/schedule/single/?rid=162142,Back Into the Noise Tour 2026,Noise,high,Noise,title,2026-05-01
zepp_sapporo:https://www.zepp.co.jp/hall/sapporo/schedule/single/?rid=162975,"WHITE JAM Zepp Tour 2026 ""磁石"" 〜 初のゼップツアー・5大都市 〜",WHITE JAM,high,WHITE JAM,title,2026-05-01
zepp_sapporo:https://www.zepp.co.jp/hall/sapporo/schedule/single/?rid=163256,Rockon Social Club Tour 2026 The Warriors,Rockon Social Club,high,Rockon Social Club,title,2026-05-01
zepp_sapporo:https://www.zepp.co.jp/hall/sapporo/schedule/single/?rid=163257,Rockon Social Club Tour 2026 The Warriors,Rockon Social Club,high,Rockon Social Club,title,2026-05-01
zepp_sapporo:https://www.zepp.co.jp/hall/sapporo/schedule/single/?rid=163360,HARRY＆THE BIRTHDAY TOUR2026 「Gotta Move」01.26振替公演,HARRY,high,HARRY,title,2026-05-01
zepp_sapporo:https://www.zepp.co.jp/hall/sapporo/schedule/single/?rid=164281,竹中雄大「DIVA」Release Tour 2026 02.10 振替公演,竹中雄大,high,竹中雄大,title,2026-05-01
